record_id,report_date,report_month,region,competitor_name,competitor_type,subscriber_count,market_share_pct,net_adds,arpu,churn_rate_pct
1,2025-01-01,2025-01,UK Total,Vodafone UK,MNO,23118712,25.69,53834,19.4,2.35
2,2025-01-01,2025-01,UK Total,EE,MNO,25679488,28.53,-26436,24.27,1.09
3,2025-01-01,2025-01,UK Total,Three UK,MNO,13806161,15.34,68571,19.7,2.45
4,2025-01-01,2025-01,UK Total,O2 UK,MNO,19257315,21.4,-35904,18.99,1.63
5,2025-01-01,2025-01,UK Total,SnowTelco,MNO,4622464,5.14,49298,21.51,2.34
6,2025-01-01,2025-01,UK Total,Tesco Mobile,MVNO,1809854,2.01,35091,14.72,1.15
7,2025-01-01,2025-01,UK Total,giffgaff,MVNO,1328645,1.48,-18070,15.07,1.18
8,2025-01-01,2025-01,UK Total,Sky Mobile,MVNO,1370239,1.52,10152,16.82,2.32
9,2025-01-01,2025-01,London,Vodafone UK,MNO,3077702,28.96,9182,26.59,2.05
10,2025-01-01,2025-01,London,EE,MNO,1135432,34.01,92283,20.54,1.2
11,2025-01-01,2025-01,London,Three UK,MNO,536632,14.1,-49961,23.37,1.96
12,2025-01-01,2025-01,London,O2 UK,MNO,1945740,27.99,-15667,26.84,1.67
13,2025-01-01,2025-01,London,SnowTelco,MNO,633797,5.39,44198,21.8,2.47
14,2025-01-01,2025-01,London,Tesco Mobile,MVNO,183568,1.64,-3431,15.54,1.49
15,2025-01-01,2025-01,London,giffgaff,MVNO,82660,1.33,76048,12.09,2.19
16,2025-01-01,2025-01,London,Sky Mobile,MVNO,193723,1.91,-5495,12.49,2.18
17,2025-01-01,2025-01,South East,Vodafone UK,MNO,3433659,29.22,37271,22.18,1.4
18,2025-01-01,2025-01,South East,EE,MNO,798213,23.31,48838,20.89,1.26
19,2025-01-01,2025-01,South East,Three UK,MNO,1125156,18.59,-47909,21.85,1.46
20,2025-01-01,2025-01,South East,O2 UK,MNO,690477,19.54,65434,18.76,1.39
21,2025-01-01,2025-01,South East,SnowTelco,MNO,427633,3.79,66858,25.95,1.59
22,2025-01-01,2025-01,South East,Tesco Mobile,MVNO,230624,2.17,65043,15.01,1.25
23,2025-01-01,2025-01,South East,giffgaff,MVNO,110170,1.37,11036,16.49,1.4
24,2025-01-01,2025-01,South East,Sky Mobile,MVNO,111101,1.54,-41606,16.55,1.51
25,2025-01-01,2025-01,South West,Vodafone UK,MNO,3998333,29.84,43613,23.49,2.3
26,2025-01-01,2025-01,South West,EE,MNO,1529651,30.89,8907,22.77,1.35
27,2025-01-01,2025-01,South West,Three UK,MNO,1168633,15.88,66880,23.14,1.81
28,2025-01-01,2025-01,South West,O2 UK,MNO,2474859,18.42,40477,28.0,1.25
29,2025-01-01,2025-01,South West,SnowTelco,MNO,560140,5.65,94347,26.16,2.37
30,2025-01-01,2025-01,South West,Tesco Mobile,MVNO,338704,2.37,85857,13.72,2.28
31,2025-01-01,2025-01,South West,giffgaff,MVNO,239868,1.81,-39656,14.91,2.44
32,2025-01-01,2025-01,South West,Sky Mobile,MVNO,58398,1.59,-29006,14.6,2.23
33,2025-01-01,2025-01,Midlands,Vodafone UK,MNO,1473136,23.77,-43741,20.58,1.35
34,2025-01-01,2025-01,Midlands,EE,MNO,2418670,31.68,44253,27.56,1.24
35,2025-01-01,2025-01,Midlands,Three UK,MNO,933422,15.61,-6112,19.07,1.23
36,2025-01-01,2025-01,Midlands,O2 UK,MNO,2818795,21.56,-37347,23.14,1.99
37,2025-01-01,2025-01,Midlands,SnowTelco,MNO,429454,3.51,3234,24.85,1.88
38,2025-01-01,2025-01,Midlands,Tesco Mobile,MVNO,116178,2.38,73504,12.05,1.58
39,2025-01-01,2025-01,Midlands,giffgaff,MVNO,118387,1.32,-11227,14.6,1.23
40,2025-01-01,2025-01,Midlands,Sky Mobile,MVNO,51331,1.16,18491,13.86,1.44
41,2025-01-01,2025-01,North West,Vodafone UK,MNO,1855318,24.57,12251,24.77,2.39
42,2025-01-01,2025-01,North West,EE,MNO,3470320,26.8,-39254,20.63,2.39
43,2025-01-01,2025-01,North West,Three UK,MNO,1782995,14.25,62374,20.27,1.8
44,2025-01-01,2025-01,North West,O2 UK,MNO,3122748,22.53,67816,22.44,1.86
45,2025-01-01,2025-01,North West,SnowTelco,MNO,641360,4.67,78549,23.37,1.26
46,2025-01-01,2025-01,North West,Tesco Mobile,MVNO,198632,1.79,-45257,14.4,1.07
47,2025-01-01,2025-01,North West,giffgaff,MVNO,253236,1.8,12307,15.44,2.23
48,2025-01-01,2025-01,North West,Sky Mobile,MVNO,56040,1.17,-20542,13.71,1.61
49,2025-01-01,2025-01,North East,Vodafone UK,MNO,1498669,30.3,46548,21.48,2.25
50,2025-01-01,2025-01,North East,EE,MNO,1573128,32.7,27780,20.64,2.35
51,2025-01-01,2025-01,North East,Three UK,MNO,1156245,14.36,-16701,22.81,1.73
52,2025-01-01,2025-01,North East,O2 UK,MNO,1938710,26.08,23024,26.42,1.58
53,2025-01-01,2025-01,North East,SnowTelco,MNO,348971,5.15,22670,22.36,1.82
54,2025-01-01,2025-01,North East,Tesco Mobile,MVNO,169858,2.0,80826,15.56,2.17
55,2025-01-01,2025-01,North East,giffgaff,MVNO,51626,1.05,-47512,14.46,1.81
56,2025-01-01,2025-01,North East,Sky Mobile,MVNO,65612,1.25,9572,17.1,1.58
57,2025-01-01,2025-01,Scotland,Vodafone UK,MNO,2578867,30.93,33451,23.0,1.23
58,2025-01-01,2025-01,Scotland,EE,MNO,3154723,29.28,-44391,25.61,1.56
59,2025-01-01,2025-01,Scotland,Three UK,MNO,1338449,18.98,-35726,18.18,1.4
60,2025-01-01,2025-01,Scotland,O2 UK,MNO,1354530,18.14,2658,23.38,1.99
61,2025-01-01,2025-01,Scotland,SnowTelco,MNO,635898,5.15,73234,20.42,1.04
62,2025-01-01,2025-01,Scotland,Tesco Mobile,MVNO,271089,2.14,28968,17.51,1.28
63,2025-01-01,2025-01,Scotland,giffgaff,MVNO,268099,1.85,-22336,15.36,1.71
64,2025-01-01,2025-01,Scotland,Sky Mobile,MVNO,168889,1.41,-46725,17.25,1.56
65,2025-01-01,2025-01,Wales,Vodafone UK,MNO,2254995,28.27,79652,25.71,2.29
66,2025-01-01,2025-01,Wales,EE,MNO,3420941,24.49,-24054,21.57,2.1
67,2025-01-01,2025-01,Wales,Three UK,MNO,704802,11.62,19534,22.1,1.39
68,2025-01-01,2025-01,Wales,O2 UK,MNO,2866295,25.37,52233,26.61,1.01
69,2025-01-01,2025-01,Wales,SnowTelco,MNO,898252,6.48,8686,21.83,2.37
70,2025-01-01,2025-01,Wales,Tesco Mobile,MVNO,125438,1.85,87490,14.17,1.17
71,2025-01-01,2025-01,Wales,giffgaff,MVNO,77876,1.44,-26132,15.41,1.82
72,2025-01-01,2025-01,Wales,Sky Mobile,MVNO,182512,1.92,-4467,15.56,2.41
73,2025-01-01,2025-01,Northern Ireland,Vodafone UK,MNO,1554313,29.99,62156,20.68,2.25
74,2025-01-01,2025-01,Northern Ireland,EE,MNO,3539781,34.62,74988,26.17,2.04
75,2025-01-01,2025-01,Northern Ireland,Three UK,MNO,970977,13.94,-13018,27.91,1.93
76,2025-01-01,2025-01,Northern Ireland,O2 UK,MNO,723464,23.49,-4782,26.48,1.76
77,2025-01-01,2025-01,Northern Ireland,SnowTelco,MNO,377045,5.2,48773,23.97,1.06
78,2025-01-01,2025-01,Northern Ireland,Tesco Mobile,MVNO,287956,2.4,38292,13.79,1.95
79,2025-01-01,2025-01,Northern Ireland,giffgaff,MVNO,172583,1.29,54410,12.07,2.31
80,2025-01-01,2025-01,Northern Ireland,Sky Mobile,MVNO,56215,1.47,-8211,14.49,2.18
81,2025-02-01,2025-02,UK Total,Vodafone UK,MNO,22722431,25.25,88594,23.22,1.01
82,2025-02-01,2025-02,UK Total,EE,MNO,25290020,28.1,60058,21.07,2.13
83,2025-02-01,2025-02,UK Total,Three UK,MNO,13746974,15.27,98893,23.74,1.15
84,2025-02-01,2025-02,UK Total,O2 UK,MNO,20375272,22.64,-45440,22.62,1.98
85,2025-02-01,2025-02,UK Total,SnowTelco,MNO,4544086,5.05,89811,22.07,1.68
86,2025-02-01,2025-02,UK Total,Tesco Mobile,MVNO,1771781,1.97,-15325,16.87,2.22
87,2025-02-01,2025-02,UK Total,giffgaff,MVNO,1385382,1.54,28955,15.83,1.53
88,2025-02-01,2025-02,UK Total,Sky Mobile,MVNO,1349701,1.5,-45644,16.47,1.52
89,2025-02-01,2025-02,London,Vodafone UK,MNO,2206303,17.9,9228,19.29,1.09
90,2025-02-01,2025-02,London,EE,MNO,3344406,27.45,90526,21.87,1.49
91,2025-02-01,2025-02,London,Three UK,MNO,728870,12.91,-25441,26.15,1.15
92,2025-02-01,2025-02,London,O2 UK,MNO,883051,21.12,27582,25.25,2.21
93,2025-02-01,2025-02,London,SnowTelco,MNO,252225,6.17,87759,24.55,1.09
94,2025-02-01,2025-02,London,Tesco Mobile,MVNO,266153,2.44,27775,13.41,2.02
95,2025-02-01,2025-02,London,giffgaff,MVNO,156877,1.43,435,15.27,1.77
96,2025-02-01,2025-02,London,Sky Mobile,MVNO,125065,1.53,-28765,17.57,1.94
97,2025-02-01,2025-02,South East,Vodafone UK,MNO,1660315,17.83,-24787,24.35,2.16
98,2025-02-01,2025-02,South East,EE,MNO,2538905,30.25,67093,19.15,1.79
99,2025-02-01,2025-02,South East,Three UK,MNO,888524,13.12,34145,23.49,1.32
100,2025-02-01,2025-02,South East,O2 UK,MNO,3157535,26.85,42916,27.7,1.25
101,2025-02-01,2025-02,South East,SnowTelco,MNO,420964,3.48,47756,22.66,1.1
102,2025-02-01,2025-02,South East,Tesco Mobile,MVNO,88993,1.99,5303,13.32,1.58
103,2025-02-01,2025-02,South East,giffgaff,MVNO,143834,1.48,66718,14.0,2.17
104,2025-02-01,2025-02,South East,Sky Mobile,MVNO,83922,1.27,52460,14.1,1.28
105,2025-02-01,2025-02,South West,Vodafone UK,MNO,1082319,24.04,56409,23.88,1.76
106,2025-02-01,2025-02,South West,EE,MNO,3212240,31.83,96000,23.45,1.23
107,2025-02-01,2025-02,South West,Three UK,MNO,1638524,11.54,67568,22.99,1.73
108,2025-02-01,2025-02,South West,O2 UK,MNO,4184144,27.97,75870,19.5,2.41
109,2025-02-01,2025-02,South West,SnowTelco,MNO,619907,6.16,8983,27.77,1.18
110,2025-02-01,2025-02,South West,Tesco Mobile,MVNO,92456,1.5,32732,15.1,1.01
111,2025-02-01,2025-02,South West,giffgaff,MVNO,96223,1.6,33251,14.93,2.49
112,2025-02-01,2025-02,South West,Sky Mobile,MVNO,49959,1.57,63067,16.7,1.37
113,2025-02-01,2025-02,Midlands,Vodafone UK,MNO,2001974,23.02,31168,18.42,2.39
114,2025-02-01,2025-02,Midlands,EE,MNO,1727758,20.36,71297,24.42,1.36
115,2025-02-01,2025-02,Midlands,Three UK,MNO,1627886,18.0,15630,19.72,1.1
116,2025-02-01,2025-02,Midlands,O2 UK,MNO,775014,25.38,23412,19.64,1.87
117,2025-02-01,2025-02,Midlands,SnowTelco,MNO,270700,3.46,7285,27.25,1.18
118,2025-02-01,2025-02,Midlands,Tesco Mobile,MVNO,174409,2.07,5298,12.4,1.71
119,2025-02-01,2025-02,Midlands,giffgaff,MVNO,101389,1.28,53299,14.56,2.46
120,2025-02-01,2025-02,Midlands,Sky Mobile,MVNO,57075,1.89,38975,14.3,1.13
121,2025-02-01,2025-02,North West,Vodafone UK,MNO,1060494,21.89,-36195,28.0,1.87
122,2025-02-01,2025-02,North West,EE,MNO,2037960,21.87,-2345,19.67,2.05
123,2025-02-01,2025-02,North West,Three UK,MNO,1138876,11.32,-27438,25.91,2.23
124,2025-02-01,2025-02,North West,O2 UK,MNO,2246176,19.88,60768,26.28,2.01
125,2025-02-01,2025-02,North West,SnowTelco,MNO,310747,6.33,35506,27.25,1.66
126,2025-02-01,2025-02,North West,Tesco Mobile,MVNO,133233,1.86,-49083,17.55,1.32
127,2025-02-01,2025-02,North West,giffgaff,MVNO,86730,1.28,20656,16.32,2.05
128,2025-02-01,2025-02,North West,Sky Mobile,MVNO,105807,1.91,-24435,15.8,1.3
129,2025-02-01,2025-02,North East,Vodafone UK,MNO,1868120,31.28,49020,24.26,1.82
130,2025-02-01,2025-02,North East,EE,MNO,1187247,31.65,-31462,18.13,1.67
131,2025-02-01,2025-02,North East,Three UK,MNO,549088,10.4,93892,18.31,1.27
132,2025-02-01,2025-02,North East,O2 UK,MNO,2739170,21.27,53001,21.25,1.75
133,2025-02-01,2025-02,North East,SnowTelco,MNO,872873,5.84,7156,27.5,1.56
134,2025-02-01,2025-02,North East,Tesco Mobile,MVNO,285068,1.97,-7038,14.75,1.27
135,2025-02-01,2025-02,North East,giffgaff,MVNO,148814,1.79,11334,16.93,2.31
136,2025-02-01,2025-02,North East,Sky Mobile,MVNO,94409,1.76,-15906,15.46,1.99
137,2025-02-01,2025-02,Scotland,Vodafone UK,MNO,1802580,21.52,-826,20.08,2.21
138,2025-02-01,2025-02,Scotland,EE,MNO,2183140,36.0,68092,18.01,2.48
139,2025-02-01,2025-02,Scotland,Three UK,MNO,1160720,15.88,1491,25.07,2.21
140,2025-02-01,2025-02,Scotland,O2 UK,MNO,2471272,23.11,47759,23.88,1.17
141,2025-02-01,2025-02,Scotland,SnowTelco,MNO,463241,4.81,48039,21.13,2.36
142,2025-02-01,2025-02,Scotland,Tesco Mobile,MVNO,228820,2.49,98133,17.68,2.44
143,2025-02-01,2025-02,Scotland,giffgaff,MVNO,229658,1.82,16108,14.59,1.82
144,2025-02-01,2025-02,Scotland,Sky Mobile,MVNO,104966,1.24,34549,12.15,1.64
145,2025-02-01,2025-02,Wales,Vodafone UK,MNO,3084720,29.42,-30899,26.74,1.04
146,2025-02-01,2025-02,Wales,EE,MNO,1402078,34.42,59320,24.56,2.4
147,2025-02-01,2025-02,Wales,Three UK,MNO,1075499,17.12,-5106,27.92,1.16
148,2025-02-01,2025-02,Wales,O2 UK,MNO,2839187,20.32,81856,19.58,2.14
149,2025-02-01,2025-02,Wales,SnowTelco,MNO,536329,4.53,41508,26.32,1.07
150,2025-02-01,2025-02,Wales,Tesco Mobile,MVNO,56822,1.62,-9388,16.66,1.65
151,2025-02-01,2025-02,Wales,giffgaff,MVNO,185715,1.33,94636,17.93,2.42
152,2025-02-01,2025-02,Wales,Sky Mobile,MVNO,139448,1.85,79506,13.16,2.08
153,2025-02-01,2025-02,Northern Ireland,Vodafone UK,MNO,1293054,24.23,8984,18.91,1.48
154,2025-02-01,2025-02,Northern Ireland,EE,MNO,3231253,21.88,47013,23.67,2.12
155,2025-02-01,2025-02,Northern Ireland,Three UK,MNO,461233,13.91,74116,21.48,1.49
156,2025-02-01,2025-02,Northern Ireland,O2 UK,MNO,844876,19.94,-20463,24.23,1.99
157,2025-02-01,2025-02,Northern Ireland,SnowTelco,MNO,271855,5.7,60714,18.0,1.5
158,2025-02-01,2025-02,Northern Ireland,Tesco Mobile,MVNO,103546,2.53,-36917,16.93,1.76
159,2025-02-01,2025-02,Northern Ireland,giffgaff,MVNO,162878,1.13,13805,14.31,1.99
160,2025-02-01,2025-02,Northern Ireland,Sky Mobile,MVNO,128825,1.73,-34912,14.52,1.62
161,2025-03-01,2025-03,UK Total,Vodafone UK,MNO,23041371,25.6,63833,23.66,1.7
162,2025-03-01,2025-03,UK Total,EE,MNO,24596060,27.33,65755,21.12,2.26
163,2025-03-01,2025-03,UK Total,Three UK,MNO,13190901,14.66,39423,24.2,2.06
164,2025-03-01,2025-03,UK Total,O2 UK,MNO,19346848,21.5,-47581,23.62,1.45
165,2025-03-01,2025-03,UK Total,SnowTelco,MNO,4454876,4.95,35900,18.7,1.61
166,2025-03-01,2025-03,UK Total,Tesco Mobile,MVNO,1768608,1.97,77938,13.5,2.43
167,2025-03-01,2025-03,UK Total,giffgaff,MVNO,1315061,1.46,85800,12.24,1.34
168,2025-03-01,2025-03,UK Total,Sky Mobile,MVNO,1362926,1.51,-21802,17.48,2.38
169,2025-03-01,2025-03,London,Vodafone UK,MNO,1706195,22.64,18653,20.77,2.12
170,2025-03-01,2025-03,London,EE,MNO,2592087,36.04,50135,20.18,2.06
171,2025-03-01,2025-03,London,Three UK,MNO,700230,16.92,30873,26.47,2.49
172,2025-03-01,2025-03,London,O2 UK,MNO,1840490,19.57,42884,26.6,1.69
173,2025-03-01,2025-03,London,SnowTelco,MNO,658343,5.13,33990,24.59,2.21
174,2025-03-01,2025-03,London,Tesco Mobile,MVNO,168775,1.92,91554,13.65,1.81
175,2025-03-01,2025-03,London,giffgaff,MVNO,168902,1.5,17723,12.47,2.47
176,2025-03-01,2025-03,London,Sky Mobile,MVNO,68827,1.78,18581,14.61,1.82
177,2025-03-01,2025-03,South East,Vodafone UK,MNO,3689628,29.41,-47259,20.53,1.19
178,2025-03-01,2025-03,South East,EE,MNO,1294483,25.92,6572,18.63,1.36
179,2025-03-01,2025-03,South East,Three UK,MNO,545805,12.07,79425,22.71,2.04
180,2025-03-01,2025-03,South East,O2 UK,MNO,2145474,24.3,94787,21.58,1.98
181,2025-03-01,2025-03,South East,SnowTelco,MNO,229405,4.73,67238,19.65,2.15
182,2025-03-01,2025-03,South East,Tesco Mobile,MVNO,185982,2.29,-27191,16.07,1.13
183,2025-03-01,2025-03,South East,giffgaff,MVNO,229563,1.83,-2352,15.34,2.47
184,2025-03-01,2025-03,South East,Sky Mobile,MVNO,60573,1.58,10878,12.51,1.63
185,2025-03-01,2025-03,South West,Vodafone UK,MNO,3168167,27.75,48825,24.76,1.75
186,2025-03-01,2025-03,South West,EE,MNO,1000208,29.97,-19709,23.83,2.07
187,2025-03-01,2025-03,South West,Three UK,MNO,2245755,18.76,-24655,18.36,1.75
188,2025-03-01,2025-03,South West,O2 UK,MNO,2123323,17.31,40053,21.01,1.94
189,2025-03-01,2025-03,South West,SnowTelco,MNO,478266,5.74,12476,20.64,2.22
190,2025-03-01,2025-03,South West,Tesco Mobile,MVNO,125936,1.83,2447,17.56,1.63
191,2025-03-01,2025-03,South West,giffgaff,MVNO,274246,1.91,32110,17.57,2.12
192,2025-03-01,2025-03,South West,Sky Mobile,MVNO,101316,1.85,-29852,13.04,1.91
193,2025-03-01,2025-03,Midlands,Vodafone UK,MNO,1845440,26.27,2662,23.05,2.09
194,2025-03-01,2025-03,Midlands,EE,MNO,2003424,23.66,95711,26.79,2.15
195,2025-03-01,2025-03,Midlands,Three UK,MNO,2256221,18.66,95184,27.45,1.55
196,2025-03-01,2025-03,Midlands,O2 UK,MNO,2171734,20.14,52661,26.06,1.54
197,2025-03-01,2025-03,Midlands,SnowTelco,MNO,362845,4.31,82161,27.62,2.19
198,2025-03-01,2025-03,Midlands,Tesco Mobile,MVNO,171325,2.36,68460,14.71,2.49
199,2025-03-01,2025-03,Midlands,giffgaff,MVNO,86022,1.46,31818,12.62,2.36
200,2025-03-01,2025-03,Midlands,Sky Mobile,MVNO,169506,1.22,39352,16.34,1.43
201,2025-03-01,2025-03,North West,Vodafone UK,MNO,3213435,21.66,25583,23.85,1.05
202,2025-03-01,2025-03,North West,EE,MNO,2338227,21.75,-39493,20.19,1.26
203,2025-03-01,2025-03,North West,Three UK,MNO,886784,12.59,74330,24.6,2.14
204,2025-03-01,2025-03,North West,O2 UK,MNO,1870297,16.39,-48125,21.37,2.39
205,2025-03-01,2025-03,North West,SnowTelco,MNO,174210,4.12,94588,19.0,1.17
206,2025-03-01,2025-03,North West,Tesco Mobile,MVNO,134051,1.65,45641,12.43,1.4
207,2025-03-01,2025-03,North West,giffgaff,MVNO,65325,1.39,34669,17.7,1.86
208,2025-03-01,2025-03,North West,Sky Mobile,MVNO,236719,1.9,-638,15.58,2.32
209,2025-03-01,2025-03,North East,Vodafone UK,MNO,1249154,26.02,80744,26.88,1.15
210,2025-03-01,2025-03,North East,EE,MNO,1751883,23.37,55121,22.02,1.07
211,2025-03-01,2025-03,North East,Three UK,MNO,884137,13.47,-37207,24.85,2.09
212,2025-03-01,2025-03,North East,O2 UK,MNO,2438368,26.1,40760,21.01,2.49
213,2025-03-01,2025-03,North East,SnowTelco,MNO,470314,4.0,34527,22.35,1.81
214,2025-03-01,2025-03,North East,Tesco Mobile,MVNO,261769,2.1,25529,16.84,2.32
215,2025-03-01,2025-03,North East,giffgaff,MVNO,84221,1.9,-33446,15.17,1.44
216,2025-03-01,2025-03,North East,Sky Mobile,MVNO,190566,1.49,-5256,16.67,1.0
217,2025-03-01,2025-03,Scotland,Vodafone UK,MNO,2223397,21.64,42802,23.06,1.82
218,2025-03-01,2025-03,Scotland,EE,MNO,1132348,25.11,3620,22.02,1.03
219,2025-03-01,2025-03,Scotland,Three UK,MNO,2432052,17.22,-7182,21.33,1.62
220,2025-03-01,2025-03,Scotland,O2 UK,MNO,1278389,27.96,-41558,22.36,1.75
221,2025-03-01,2025-03,Scotland,SnowTelco,MNO,280154,5.13,17351,20.66,2.3
222,2025-03-01,2025-03,Scotland,Tesco Mobile,MVNO,120941,2.11,-30088,17.47,1.69
223,2025-03-01,2025-03,Scotland,giffgaff,MVNO,214992,1.75,50793,16.75,1.75
224,2025-03-01,2025-03,Scotland,Sky Mobile,MVNO,121428,1.34,-36037,17.24,1.36
225,2025-03-01,2025-03,Wales,Vodafone UK,MNO,4660800,32.14,-6629,20.8,2.41
226,2025-03-01,2025-03,Wales,EE,MNO,4401605,30.6,28292,24.03,1.78
227,2025-03-01,2025-03,Wales,Three UK,MNO,1008922,14.89,92296,23.25,2.2
228,2025-03-01,2025-03,Wales,O2 UK,MNO,3161457,27.92,81294,26.94,1.55
229,2025-03-01,2025-03,Wales,SnowTelco,MNO,458224,4.32,10053,21.64,1.81
230,2025-03-01,2025-03,Wales,Tesco Mobile,MVNO,179582,2.54,67967,15.35,1.98
231,2025-03-01,2025-03,Wales,giffgaff,MVNO,98246,1.65,65245,17.64,1.66
232,2025-03-01,2025-03,Wales,Sky Mobile,MVNO,55917,1.68,3173,15.41,1.14
233,2025-03-01,2025-03,Northern Ireland,Vodafone UK,MNO,1898331,22.05,86862,21.99,1.88
234,2025-03-01,2025-03,Northern Ireland,EE,MNO,1308223,22.62,98193,25.02,1.77
235,2025-03-01,2025-03,Northern Ireland,Three UK,MNO,781840,18.71,61917,24.26,1.14
236,2025-03-01,2025-03,Northern Ireland,O2 UK,MNO,2070728,17.67,34237,20.33,1.97
237,2025-03-01,2025-03,Northern Ireland,SnowTelco,MNO,716627,5.86,77023,22.5,1.15
238,2025-03-01,2025-03,Northern Ireland,Tesco Mobile,MVNO,147022,1.49,35005,16.21,2.39
239,2025-03-01,2025-03,Northern Ireland,giffgaff,MVNO,81307,1.16,40918,14.86,1.35
240,2025-03-01,2025-03,Northern Ireland,Sky Mobile,MVNO,186807,1.38,86355,15.07,2.06
241,2025-04-01,2025-04,UK Total,Vodafone UK,MNO,23075051,25.64,41232,27.23,2.14
242,2025-04-01,2025-04,UK Total,EE,MNO,25178156,27.98,-32680,25.68,1.87
243,2025-04-01,2025-04,UK Total,Three UK,MNO,13646138,15.16,8944,18.07,1.39
244,2025-04-01,2025-04,UK Total,O2 UK,MNO,19632682,21.81,-32457,23.2,1.06
245,2025-04-01,2025-04,UK Total,SnowTelco,MNO,4500954,5.0,14894,26.04,1.56
246,2025-04-01,2025-04,UK Total,Tesco Mobile,MVNO,1766137,1.96,-18659,15.77,2.05
247,2025-04-01,2025-04,UK Total,giffgaff,MVNO,1323853,1.47,88824,12.17,2.29
248,2025-04-01,2025-04,UK Total,Sky Mobile,MVNO,1342101,1.49,80589,15.3,1.96
249,2025-04-01,2025-04,London,Vodafone UK,MNO,2255154,18.35,-41915,20.14,1.28
250,2025-04-01,2025-04,London,EE,MNO,1731626,29.23,-9281,24.5,1.4
251,2025-04-01,2025-04,London,Three UK,MNO,983352,10.62,20682,22.35,2.05
252,2025-04-01,2025-04,London,O2 UK,MNO,645073,16.53,8417,26.26,1.75
253,2025-04-01,2025-04,London,SnowTelco,MNO,423146,3.97,35183,18.85,2.15
254,2025-04-01,2025-04,London,Tesco Mobile,MVNO,256842,2.54,-44923,13.13,1.07
255,2025-04-01,2025-04,London,giffgaff,MVNO,82653,1.81,52876,17.06,1.74
256,2025-04-01,2025-04,London,Sky Mobile,MVNO,113318,1.36,-35685,16.62,1.12
257,2025-04-01,2025-04,South East,Vodafone UK,MNO,1384010,23.75,54723,23.69,1.66
258,2025-04-01,2025-04,South East,EE,MNO,1255449,25.22,58908,18.11,2.0
259,2025-04-01,2025-04,South East,Three UK,MNO,1533895,14.87,20976,27.34,2.19
260,2025-04-01,2025-04,South East,O2 UK,MNO,642808,18.62,65472,19.24,2.16
261,2025-04-01,2025-04,South East,SnowTelco,MNO,446197,5.89,10134,25.96,2.41
262,2025-04-01,2025-04,South East,Tesco Mobile,MVNO,124444,2.37,-46943,13.15,1.07
263,2025-04-01,2025-04,South East,giffgaff,MVNO,144996,1.46,7733,17.23,1.58
264,2025-04-01,2025-04,South East,Sky Mobile,MVNO,118916,1.85,40856,14.85,2.3
265,2025-04-01,2025-04,South West,Vodafone UK,MNO,3020126,30.18,-7908,22.08,2.44
266,2025-04-01,2025-04,South West,EE,MNO,2937762,36.53,52225,21.86,1.48
267,2025-04-01,2025-04,South West,Three UK,MNO,956999,10.87,98275,23.34,1.96
268,2025-04-01,2025-04,South West,O2 UK,MNO,2996529,20.96,99314,18.61,2.18
269,2025-04-01,2025-04,South West,SnowTelco,MNO,561011,4.87,29329,26.96,1.97
270,2025-04-01,2025-04,South West,Tesco Mobile,MVNO,99512,2.52,-44542,17.83,1.75
271,2025-04-01,2025-04,South West,giffgaff,MVNO,186544,1.58,0,15.83,2.26
272,2025-04-01,2025-04,South West,Sky Mobile,MVNO,65235,1.21,4024,13.52,1.7
273,2025-04-01,2025-04,Midlands,Vodafone UK,MNO,3406393,22.71,68107,19.86,2.27
274,2025-04-01,2025-04,Midlands,EE,MNO,1154786,30.11,-48128,20.04,2.34
275,2025-04-01,2025-04,Midlands,Three UK,MNO,1816418,12.62,52810,23.29,2.38
276,2025-04-01,2025-04,Midlands,O2 UK,MNO,1170285,19.15,12784,23.61,1.62
277,2025-04-01,2025-04,Midlands,SnowTelco,MNO,128505,4.12,48911,26.58,1.0
278,2025-04-01,2025-04,Midlands,Tesco Mobile,MVNO,197782,1.8,-44616,12.82,1.62
279,2025-04-01,2025-04,Midlands,giffgaff,MVNO,63330,1.16,61074,13.59,2.22
280,2025-04-01,2025-04,Midlands,Sky Mobile,MVNO,95497,1.83,88045,13.67,1.2
281,2025-04-01,2025-04,North West,Vodafone UK,MNO,915736,26.73,47139,20.05,1.83
282,2025-04-01,2025-04,North West,EE,MNO,1310381,20.96,39235,24.65,1.29
283,2025-04-01,2025-04,North West,Three UK,MNO,2188933,16.61,63298,27.03,1.85
284,2025-04-01,2025-04,North West,O2 UK,MNO,3711219,24.92,-17146,25.36,1.31
285,2025-04-01,2025-04,North West,SnowTelco,MNO,156241,3.77,98772,22.38,1.28
286,2025-04-01,2025-04,North West,Tesco Mobile,MVNO,159632,1.67,14139,17.46,2.22
287,2025-04-01,2025-04,North West,giffgaff,MVNO,227289,1.76,-39133,15.56,2.16
288,2025-04-01,2025-04,North West,Sky Mobile,MVNO,250916,1.78,9275,14.43,1.45
289,2025-04-01,2025-04,North East,Vodafone UK,MNO,2684794,30.0,73363,18.77,2.27
290,2025-04-01,2025-04,North East,EE,MNO,1841397,19.86,91490,21.74,1.48
291,2025-04-01,2025-04,North East,Three UK,MNO,1640587,11.91,99154,26.31,1.39
292,2025-04-01,2025-04,North East,O2 UK,MNO,586926,19.41,42691,25.09,1.54
293,2025-04-01,2025-04,North East,SnowTelco,MNO,300218,6.18,97970,25.11,1.25
294,2025-04-01,2025-04,North East,Tesco Mobile,MVNO,85366,1.76,-37389,16.81,2.26
295,2025-04-01,2025-04,North East,giffgaff,MVNO,160913,1.78,17706,15.24,1.52
296,2025-04-01,2025-04,North East,Sky Mobile,MVNO,91338,1.11,86910,12.74,1.59
297,2025-04-01,2025-04,Scotland,Vodafone UK,MNO,1309985,32.72,37843,23.4,2.47
298,2025-04-01,2025-04,Scotland,EE,MNO,721502,20.24,38421,21.21,1.97
299,2025-04-01,2025-04,Scotland,Three UK,MNO,892252,18.7,274,23.64,2.43
300,2025-04-01,2025-04,Scotland,O2 UK,MNO,864433,25.49,-6888,18.93,1.3
301,2025-04-01,2025-04,Scotland,SnowTelco,MNO,350170,6.63,35384,18.16,1.27
302,2025-04-01,2025-04,Scotland,Tesco Mobile,MVNO,144138,2.17,74236,13.65,1.92
303,2025-04-01,2025-04,Scotland,giffgaff,MVNO,125783,1.22,-1974,17.86,2.46
304,2025-04-01,2025-04,Scotland,Sky Mobile,MVNO,102222,1.76,36459,13.1,1.1
305,2025-04-01,2025-04,Wales,Vodafone UK,MNO,1689045,22.52,2847,19.46,1.43
306,2025-04-01,2025-04,Wales,EE,MNO,2414851,33.27,11319,26.74,1.17
307,2025-04-01,2025-04,Wales,Three UK,MNO,2208080,18.62,60873,24.44,2.04
308,2025-04-01,2025-04,Wales,O2 UK,MNO,1636139,16.53,54281,25.99,1.4
309,2025-04-01,2025-04,Wales,SnowTelco,MNO,385644,6.63,50368,21.32,1.39
310,2025-04-01,2025-04,Wales,Tesco Mobile,MVNO,248061,2.01,60957,13.99,1.16
311,2025-04-01,2025-04,Wales,giffgaff,MVNO,157635,1.44,22623,14.61,1.64
312,2025-04-01,2025-04,Wales,Sky Mobile,MVNO,109661,1.36,38938,14.86,2.18
313,2025-04-01,2025-04,Northern Ireland,Vodafone UK,MNO,3099365,23.15,9655,20.47,2.36
314,2025-04-01,2025-04,Northern Ireland,EE,MNO,3075129,22.83,42960,18.82,1.9
315,2025-04-01,2025-04,Northern Ireland,Three UK,MNO,2795304,18.77,35593,25.61,2.42
316,2025-04-01,2025-04,Northern Ireland,O2 UK,MNO,2226266,16.79,24647,22.93,2.42
317,2025-04-01,2025-04,Northern Ireland,SnowTelco,MNO,950775,6.62,43193,26.09,2.3
318,2025-04-01,2025-04,Northern Ireland,Tesco Mobile,MVNO,205941,1.77,26642,13.3,1.41
319,2025-04-01,2025-04,Northern Ireland,giffgaff,MVNO,93195,1.32,49108,16.08,2.23
320,2025-04-01,2025-04,Northern Ireland,Sky Mobile,MVNO,180045,1.57,55352,16.41,1.28
321,2025-05-01,2025-05,UK Total,Vodafone UK,MNO,22808992,25.34,-17940,25.24,1.45
322,2025-05-01,2025-05,UK Total,EE,MNO,25127055,27.92,-7982,25.73,1.56
323,2025-05-01,2025-05,UK Total,Three UK,MNO,13540751,15.05,84683,25.57,1.88
324,2025-05-01,2025-05,UK Total,O2 UK,MNO,20063983,22.29,33032,18.12,1.57
325,2025-05-01,2025-05,UK Total,SnowTelco,MNO,4583873,5.09,8935,19.8,2.3
326,2025-05-01,2025-05,UK Total,Tesco Mobile,MVNO,1763109,1.96,51255,17.14,1.97
327,2025-05-01,2025-05,UK Total,giffgaff,MVNO,1319359,1.47,-11126,14.54,1.34
328,2025-05-01,2025-05,UK Total,Sky Mobile,MVNO,1310750,1.46,60032,16.18,1.18
329,2025-05-01,2025-05,London,Vodafone UK,MNO,2608284,26.42,57300,25.27,1.81
330,2025-05-01,2025-05,London,EE,MNO,3381919,31.02,32533,19.5,2.39
331,2025-05-01,2025-05,London,Three UK,MNO,1382775,19.79,14800,24.28,1.64
332,2025-05-01,2025-05,London,O2 UK,MNO,1085740,19.27,24230,24.18,2.47
333,2025-05-01,2025-05,London,SnowTelco,MNO,211259,6.27,44046,27.28,1.29
334,2025-05-01,2025-05,London,Tesco Mobile,MVNO,277349,2.37,-13327,16.91,1.06
335,2025-05-01,2025-05,London,giffgaff,MVNO,261644,1.76,45885,14.9,1.08
336,2025-05-01,2025-05,London,Sky Mobile,MVNO,59750,1.41,20681,16.07,2.3
337,2025-05-01,2025-05,South East,Vodafone UK,MNO,1844364,19.22,81435,27.58,1.5
338,2025-05-01,2025-05,South East,EE,MNO,2098446,20.84,82460,27.49,1.54
339,2025-05-01,2025-05,South East,Three UK,MNO,890563,15.28,-32100,27.38,1.93
340,2025-05-01,2025-05,South East,O2 UK,MNO,1161599,23.15,-23211,24.44,2.01
341,2025-05-01,2025-05,South East,SnowTelco,MNO,512219,3.5,46557,21.75,1.46
342,2025-05-01,2025-05,South East,Tesco Mobile,MVNO,192577,2.0,73623,14.64,2.4
343,2025-05-01,2025-05,South East,giffgaff,MVNO,180586,1.68,-10613,12.01,1.7
344,2025-05-01,2025-05,South East,Sky Mobile,MVNO,191672,1.35,-20845,12.03,2.2
345,2025-05-01,2025-05,South West,Vodafone UK,MNO,1359562,18.24,-28393,25.19,2.48
346,2025-05-01,2025-05,South West,EE,MNO,2649218,31.59,72717,27.6,1.22
347,2025-05-01,2025-05,South West,Three UK,MNO,1037384,17.99,-31479,21.47,2.43
348,2025-05-01,2025-05,South West,O2 UK,MNO,1206513,26.21,11584,25.21,1.26
349,2025-05-01,2025-05,South West,SnowTelco,MNO,354753,4.71,21893,21.55,1.26
350,2025-05-01,2025-05,South West,Tesco Mobile,MVNO,174705,1.46,-6217,16.57,2.12
351,2025-05-01,2025-05,South West,giffgaff,MVNO,228043,1.53,-2811,15.15,2.39
352,2025-05-01,2025-05,South West,Sky Mobile,MVNO,165094,1.4,73216,17.49,1.06
353,2025-05-01,2025-05,Midlands,Vodafone UK,MNO,1753317,22.23,14277,25.53,1.81
354,2025-05-01,2025-05,Midlands,EE,MNO,2278385,23.41,39267,18.33,1.57
355,2025-05-01,2025-05,Midlands,Three UK,MNO,723786,10.98,55782,19.68,1.84
356,2025-05-01,2025-05,Midlands,O2 UK,MNO,2301007,16.31,-35403,24.82,1.7
357,2025-05-01,2025-05,Midlands,SnowTelco,MNO,258852,4.29,90103,26.54,1.0
358,2025-05-01,2025-05,Midlands,Tesco Mobile,MVNO,53857,1.38,96394,12.64,2.11
359,2025-05-01,2025-05,Midlands,giffgaff,MVNO,151238,1.49,-49586,17.87,1.05
360,2025-05-01,2025-05,Midlands,Sky Mobile,MVNO,42734,1.35,-33537,12.45,1.62
361,2025-05-01,2025-05,North West,Vodafone UK,MNO,3406715,25.43,-46739,25.71,2.23
362,2025-05-01,2025-05,North West,EE,MNO,3590907,27.41,33622,24.97,2.45
363,2025-05-01,2025-05,North West,Three UK,MNO,1825723,17.68,33839,26.99,1.4
364,2025-05-01,2025-05,North West,O2 UK,MNO,1880198,29.2,-47540,22.38,2.46
365,2025-05-01,2025-05,North West,SnowTelco,MNO,341540,5.09,63350,26.57,1.45
366,2025-05-01,2025-05,North West,Tesco Mobile,MVNO,93071,1.59,-6273,13.22,1.46
367,2025-05-01,2025-05,North West,giffgaff,MVNO,81646,1.4,7605,15.06,1.47
368,2025-05-01,2025-05,North West,Sky Mobile,MVNO,230269,1.68,-16574,17.54,1.7
369,2025-05-01,2025-05,North East,Vodafone UK,MNO,2648293,23.63,65529,21.56,1.46
370,2025-05-01,2025-05,North East,EE,MNO,3806312,30.27,36975,19.1,2.28
371,2025-05-01,2025-05,North East,Three UK,MNO,1373148,17.0,58985,23.89,1.26
372,2025-05-01,2025-05,North East,O2 UK,MNO,2110894,21.05,52542,26.58,1.4
373,2025-05-01,2025-05,North East,SnowTelco,MNO,646703,5.31,24026,24.04,1.6
374,2025-05-01,2025-05,North East,Tesco Mobile,MVNO,204447,1.54,89409,12.87,2.39
375,2025-05-01,2025-05,North East,giffgaff,MVNO,82385,1.53,-120,17.27,2.01
376,2025-05-01,2025-05,North East,Sky Mobile,MVNO,105856,1.72,99707,16.35,1.73
377,2025-05-01,2025-05,Scotland,Vodafone UK,MNO,2368868,23.71,-10688,26.82,1.64
378,2025-05-01,2025-05,Scotland,EE,MNO,2748391,31.42,10026,26.88,1.13
379,2025-05-01,2025-05,Scotland,Three UK,MNO,1687130,13.04,70482,25.96,1.8
380,2025-05-01,2025-05,Scotland,O2 UK,MNO,1239446,19.4,-29087,24.29,1.74
381,2025-05-01,2025-05,Scotland,SnowTelco,MNO,688620,5.07,22584,27.84,1.37
382,2025-05-01,2025-05,Scotland,Tesco Mobile,MVNO,313232,2.4,79995,12.98,2.13
383,2025-05-01,2025-05,Scotland,giffgaff,MVNO,177064,1.78,-47981,12.87,1.19
384,2025-05-01,2025-05,Scotland,Sky Mobile,MVNO,90696,1.65,-38961,15.34,2.45
385,2025-05-01,2025-05,Wales,Vodafone UK,MNO,1782958,29.83,99014,26.26,1.7
386,2025-05-01,2025-05,Wales,EE,MNO,1462493,23.89,-19425,25.63,1.39
387,2025-05-01,2025-05,Wales,Three UK,MNO,789250,18.59,34388,19.6,2.03
388,2025-05-01,2025-05,Wales,O2 UK,MNO,2237566,17.73,6803,20.56,1.93
389,2025-05-01,2025-05,Wales,SnowTelco,MNO,423083,5.6,34695,20.31,1.06
390,2025-05-01,2025-05,Wales,Tesco Mobile,MVNO,99481,2.51,99239,17.12,1.82
391,2025-05-01,2025-05,Wales,giffgaff,MVNO,58675,1.1,-14720,14.55,1.21
392,2025-05-01,2025-05,Wales,Sky Mobile,MVNO,64378,1.91,-21048,14.18,1.04
393,2025-05-01,2025-05,Northern Ireland,Vodafone UK,MNO,2720508,24.24,94447,18.26,1.79
394,2025-05-01,2025-05,Northern Ireland,EE,MNO,3849024,28.16,97863,21.71,2.37
395,2025-05-01,2025-05,Northern Ireland,Three UK,MNO,1382108,14.05,18934,19.48,2.31
396,2025-05-01,2025-05,Northern Ireland,O2 UK,MNO,1553737,18.41,88680,25.43,1.62
397,2025-05-01,2025-05,Northern Ireland,SnowTelco,MNO,707580,6.1,82235,25.84,2.0
398,2025-05-01,2025-05,Northern Ireland,Tesco Mobile,MVNO,327506,2.27,1352,15.84,2.0
399,2025-05-01,2025-05,Northern Ireland,giffgaff,MVNO,220910,1.82,26555,12.67,2.0
400,2025-05-01,2025-05,Northern Ireland,Sky Mobile,MVNO,120271,1.92,-3893,13.08,1.81
401,2025-06-01,2025-06,UK Total,Vodafone UK,MNO,23074899,25.64,-24225,27.05,2.44
402,2025-06-01,2025-06,UK Total,EE,MNO,24720732,27.47,28381,23.13,1.45
403,2025-06-01,2025-06,UK Total,Three UK,MNO,13713311,15.24,83784,18.34,1.34
404,2025-06-01,2025-06,UK Total,O2 UK,MNO,19667508,21.85,69764,27.91,2.14
405,2025-06-01,2025-06,UK Total,SnowTelco,MNO,4400978,4.89,49778,19.08,1.1
406,2025-06-01,2025-06,UK Total,Tesco Mobile,MVNO,1838142,2.04,54049,14.01,1.63
407,2025-06-01,2025-06,UK Total,giffgaff,MVNO,1358002,1.51,-39178,13.7,2.19
408,2025-06-01,2025-06,UK Total,Sky Mobile,MVNO,1340042,1.49,31553,13.53,2.46
409,2025-06-01,2025-06,London,Vodafone UK,MNO,1950402,26.78,78653,19.29,1.83
410,2025-06-01,2025-06,London,EE,MNO,3846277,26.27,-12891,24.82,1.2
411,2025-06-01,2025-06,London,Three UK,MNO,457982,12.56,58474,22.95,1.14
412,2025-06-01,2025-06,London,O2 UK,MNO,1437037,15.27,38334,24.06,1.66
413,2025-06-01,2025-06,London,SnowTelco,MNO,251047,4.48,4307,21.44,2.39
414,2025-06-01,2025-06,London,Tesco Mobile,MVNO,191256,1.65,-20523,17.56,1.32
415,2025-06-01,2025-06,London,giffgaff,MVNO,97155,1.19,-47365,14.37,1.19
416,2025-06-01,2025-06,London,Sky Mobile,MVNO,198117,1.9,-35863,16.65,1.67
417,2025-06-01,2025-06,South East,Vodafone UK,MNO,2532289,23.99,20118,18.69,1.4
418,2025-06-01,2025-06,South East,EE,MNO,3095761,25.16,70584,27.01,1.02
419,2025-06-01,2025-06,South East,Three UK,MNO,1057707,14.71,71819,20.27,1.18
420,2025-06-01,2025-06,South East,O2 UK,MNO,2972600,21.9,52332,19.53,1.73
421,2025-06-01,2025-06,South East,SnowTelco,MNO,165526,5.39,5008,23.32,1.24
422,2025-06-01,2025-06,South East,Tesco Mobile,MVNO,95346,1.6,38384,12.39,1.0
423,2025-06-01,2025-06,South East,giffgaff,MVNO,147158,1.48,-13452,15.58,2.05
424,2025-06-01,2025-06,South East,Sky Mobile,MVNO,184003,1.38,529,16.36,2.03
425,2025-06-01,2025-06,South West,Vodafone UK,MNO,4184075,32.12,-32605,18.71,1.98
426,2025-06-01,2025-06,South West,EE,MNO,4425636,33.78,-17374,25.2,1.11
427,2025-06-01,2025-06,South West,Three UK,MNO,1171607,11.95,87259,19.97,1.02
428,2025-06-01,2025-06,South West,O2 UK,MNO,3206033,26.91,79443,21.29,1.8
429,2025-06-01,2025-06,South West,SnowTelco,MNO,864083,5.89,50555,22.94,2.23
430,2025-06-01,2025-06,South West,Tesco Mobile,MVNO,90228,1.78,38441,14.52,1.41
431,2025-06-01,2025-06,South West,giffgaff,MVNO,150350,1.54,-9987,12.14,1.7
432,2025-06-01,2025-06,South West,Sky Mobile,MVNO,180191,1.34,26258,16.74,1.44
433,2025-06-01,2025-06,Midlands,Vodafone UK,MNO,1615482,19.69,49048,24.82,1.87
434,2025-06-01,2025-06,Midlands,EE,MNO,1022480,29.54,96027,19.58,2.36
435,2025-06-01,2025-06,Midlands,Three UK,MNO,831950,12.91,-39365,21.9,1.21
436,2025-06-01,2025-06,Midlands,O2 UK,MNO,1337600,20.29,-30928,19.41,2.15
437,2025-06-01,2025-06,Midlands,SnowTelco,MNO,452564,5.25,28260,20.0,1.33
438,2025-06-01,2025-06,Midlands,Tesco Mobile,MVNO,191178,1.63,91910,17.33,2.48
439,2025-06-01,2025-06,Midlands,giffgaff,MVNO,73852,1.41,16255,13.1,2.27
440,2025-06-01,2025-06,Midlands,Sky Mobile,MVNO,58064,1.67,-13748,16.18,1.48
441,2025-06-01,2025-06,North West,Vodafone UK,MNO,1607069,30.76,80518,22.25,1.44
442,2025-06-01,2025-06,North West,EE,MNO,2477531,21.15,-27812,24.38,1.8
443,2025-06-01,2025-06,North West,Three UK,MNO,2633828,18.45,-18193,24.6,1.93
444,2025-06-01,2025-06,North West,O2 UK,MNO,802180,18.55,75358,24.54,1.14
445,2025-06-01,2025-06,North West,SnowTelco,MNO,672397,5.61,96616,22.94,1.36
446,2025-06-01,2025-06,North West,Tesco Mobile,MVNO,154211,1.59,23128,13.63,2.16
447,2025-06-01,2025-06,North West,giffgaff,MVNO,151281,1.98,82880,16.27,1.97
448,2025-06-01,2025-06,North West,Sky Mobile,MVNO,65240,1.35,-47924,13.5,1.42
449,2025-06-01,2025-06,North East,Vodafone UK,MNO,3770161,27.43,86695,19.57,1.59
450,2025-06-01,2025-06,North East,EE,MNO,822138,23.07,34622,22.64,1.15
451,2025-06-01,2025-06,North East,Three UK,MNO,2082571,15.9,18319,25.22,2.1
452,2025-06-01,2025-06,North East,O2 UK,MNO,3900218,26.16,38662,21.12,1.91
453,2025-06-01,2025-06,North East,SnowTelco,MNO,382881,6.09,9728,26.73,2.39
454,2025-06-01,2025-06,North East,Tesco Mobile,MVNO,67638,1.5,-11612,13.98,1.4
455,2025-06-01,2025-06,North East,giffgaff,MVNO,263363,1.81,4155,13.17,2.32
456,2025-06-01,2025-06,North East,Sky Mobile,MVNO,155679,1.1,969,16.03,1.66
457,2025-06-01,2025-06,Scotland,Vodafone UK,MNO,1796537,31.45,26335,27.47,1.16
458,2025-06-01,2025-06,Scotland,EE,MNO,2161415,33.62,72249,26.8,1.43
459,2025-06-01,2025-06,Scotland,Three UK,MNO,672547,18.46,-1011,25.21,1.91
460,2025-06-01,2025-06,Scotland,O2 UK,MNO,3490204,26.91,3201,26.9,2.16
461,2025-06-01,2025-06,Scotland,SnowTelco,MNO,321993,3.72,32161,19.54,1.74
462,2025-06-01,2025-06,Scotland,Tesco Mobile,MVNO,259780,2.1,11646,16.85,1.25
463,2025-06-01,2025-06,Scotland,giffgaff,MVNO,190162,1.33,-7173,14.87,1.86
464,2025-06-01,2025-06,Scotland,Sky Mobile,MVNO,215097,1.76,96618,16.52,1.21
465,2025-06-01,2025-06,Wales,Vodafone UK,MNO,3791293,29.75,99306,22.85,2.36
466,2025-06-01,2025-06,Wales,EE,MNO,2401681,20.32,78422,21.95,2.36
467,2025-06-01,2025-06,Wales,Three UK,MNO,1460977,15.92,82679,23.13,1.94
468,2025-06-01,2025-06,Wales,O2 UK,MNO,1865040,18.17,-6633,27.88,1.68
469,2025-06-01,2025-06,Wales,SnowTelco,MNO,360092,3.69,28464,22.26,1.28
470,2025-06-01,2025-06,Wales,Tesco Mobile,MVNO,247314,1.88,24339,13.89,1.78
471,2025-06-01,2025-06,Wales,giffgaff,MVNO,130327,1.51,1670,12.78,2.13
472,2025-06-01,2025-06,Wales,Sky Mobile,MVNO,48610,1.09,98770,15.33,2.46
473,2025-06-01,2025-06,Northern Ireland,Vodafone UK,MNO,1645935,25.86,53258,21.3,2.43
474,2025-06-01,2025-06,Northern Ireland,EE,MNO,1049624,20.94,53921,27.24,1.99
475,2025-06-01,2025-06,Northern Ireland,Three UK,MNO,467333,10.56,63666,22.1,1.93
476,2025-06-01,2025-06,Northern Ireland,O2 UK,MNO,2374086,20.28,19627,25.81,1.12
477,2025-06-01,2025-06,Northern Ireland,SnowTelco,MNO,513559,3.87,49956,24.5,1.54
478,2025-06-01,2025-06,Northern Ireland,Tesco Mobile,MVNO,183866,2.28,-15767,15.83,2.41
479,2025-06-01,2025-06,Northern Ireland,giffgaff,MVNO,189963,1.89,73788,17.96,1.66
480,2025-06-01,2025-06,Northern Ireland,Sky Mobile,MVNO,69780,1.76,96134,13.49,2.42
481,2025-07-01,2025-07,UK Total,Vodafone UK,MNO,23152111,25.72,-35902,23.53,2.42
482,2025-07-01,2025-07,UK Total,EE,MNO,25126408,27.92,-20109,21.15,1.29
483,2025-07-01,2025-07,UK Total,Three UK,MNO,13445679,14.94,-7779,27.52,2.28
484,2025-07-01,2025-07,UK Total,O2 UK,MNO,19249785,21.39,-33459,25.55,1.19
485,2025-07-01,2025-07,UK Total,SnowTelco,MNO,4596869,5.11,63725,26.62,1.02
486,2025-07-01,2025-07,UK Total,Tesco Mobile,MVNO,1830614,2.03,73657,16.67,1.35
487,2025-07-01,2025-07,UK Total,giffgaff,MVNO,1348977,1.5,-44771,17.4,1.74
488,2025-07-01,2025-07,UK Total,Sky Mobile,MVNO,1370115,1.52,48863,16.14,1.03
489,2025-07-01,2025-07,London,Vodafone UK,MNO,1389029,19.41,-24877,22.23,1.38
490,2025-07-01,2025-07,London,EE,MNO,2788780,20.52,48138,27.97,2.42
491,2025-07-01,2025-07,London,Three UK,MNO,666364,11.25,81947,18.3,2.05
492,2025-07-01,2025-07,London,O2 UK,MNO,3667290,28.46,6976,18.0,2.12
493,2025-07-01,2025-07,London,SnowTelco,MNO,732055,5.93,13896,19.56,2.12
494,2025-07-01,2025-07,London,Tesco Mobile,MVNO,74340,1.69,83643,13.36,1.82
495,2025-07-01,2025-07,London,giffgaff,MVNO,97895,1.52,58611,16.38,1.78
496,2025-07-01,2025-07,London,Sky Mobile,MVNO,84967,1.14,97415,14.35,1.04
497,2025-07-01,2025-07,South East,Vodafone UK,MNO,3878219,29.97,-27703,27.64,2.14
498,2025-07-01,2025-07,South East,EE,MNO,2469064,31.09,-16017,24.75,1.55
499,2025-07-01,2025-07,South East,Three UK,MNO,1263896,12.13,24005,21.11,1.43
500,2025-07-01,2025-07,South East,O2 UK,MNO,2070111,18.55,-46531,18.65,1.99
501,2025-07-01,2025-07,South East,SnowTelco,MNO,486245,3.53,39532,24.22,1.0
502,2025-07-01,2025-07,South East,Tesco Mobile,MVNO,113545,2.54,-19746,16.63,1.76
503,2025-07-01,2025-07,South East,giffgaff,MVNO,168585,1.35,-45980,12.62,2.01
504,2025-07-01,2025-07,South East,Sky Mobile,MVNO,132839,1.12,-15273,12.69,1.97
505,2025-07-01,2025-07,South West,Vodafone UK,MNO,1304311,27.15,50166,25.45,2.23
506,2025-07-01,2025-07,South West,EE,MNO,3360838,31.44,29050,19.95,1.3
507,2025-07-01,2025-07,South West,Three UK,MNO,1168149,17.09,-3170,21.53,1.61
508,2025-07-01,2025-07,South West,O2 UK,MNO,2482857,20.49,36991,22.97,1.44
509,2025-07-01,2025-07,South West,SnowTelco,MNO,480955,6.11,12319,23.01,2.14
510,2025-07-01,2025-07,South West,Tesco Mobile,MVNO,226704,1.8,37550,14.94,1.56
511,2025-07-01,2025-07,South West,giffgaff,MVNO,94910,1.39,93054,16.81,2.5
512,2025-07-01,2025-07,South West,Sky Mobile,MVNO,151292,1.13,36565,13.31,1.54
513,2025-07-01,2025-07,Midlands,Vodafone UK,MNO,3798230,31.68,75941,24.05,1.11
514,2025-07-01,2025-07,Midlands,EE,MNO,4017256,32.87,51290,22.83,1.81
515,2025-07-01,2025-07,Midlands,Three UK,MNO,711813,12.79,-38997,20.55,1.35
516,2025-07-01,2025-07,Midlands,O2 UK,MNO,1067166,19.81,30544,27.78,2.13
517,2025-07-01,2025-07,Midlands,SnowTelco,MNO,695759,6.35,67599,26.72,1.52
518,2025-07-01,2025-07,Midlands,Tesco Mobile,MVNO,137083,1.43,-10190,14.09,1.28
519,2025-07-01,2025-07,Midlands,giffgaff,MVNO,194243,1.51,93020,15.01,1.19
520,2025-07-01,2025-07,Midlands,Sky Mobile,MVNO,88193,1.1,82803,15.19,1.52
521,2025-07-01,2025-07,North West,Vodafone UK,MNO,663270,18.1,52954,22.85,1.49
522,2025-07-01,2025-07,North West,EE,MNO,1089474,34.59,64468,21.3,1.52
523,2025-07-01,2025-07,North West,Three UK,MNO,1502735,15.37,-11739,20.26,1.54
524,2025-07-01,2025-07,North West,O2 UK,MNO,4069225,28.97,-31679,19.98,2.42
525,2025-07-01,2025-07,North West,SnowTelco,MNO,567237,4.09,26238,19.45,1.71
526,2025-07-01,2025-07,North West,Tesco Mobile,MVNO,217988,2.16,85981,14.64,1.56
527,2025-07-01,2025-07,North West,giffgaff,MVNO,135818,1.86,-3301,17.67,2.04
528,2025-07-01,2025-07,North West,Sky Mobile,MVNO,62350,1.43,49127,17.54,1.83
529,2025-07-01,2025-07,North East,Vodafone UK,MNO,2830317,19.26,79211,19.1,1.82
530,2025-07-01,2025-07,North East,EE,MNO,1563747,22.21,8397,23.12,2.34
531,2025-07-01,2025-07,North East,Three UK,MNO,1231777,14.41,-24851,20.06,1.88
532,2025-07-01,2025-07,North East,O2 UK,MNO,2804288,26.6,82010,23.55,1.74
533,2025-07-01,2025-07,North East,SnowTelco,MNO,338884,4.02,76570,22.37,1.48
534,2025-07-01,2025-07,North East,Tesco Mobile,MVNO,265884,2.32,81548,12.09,1.39
535,2025-07-01,2025-07,North East,giffgaff,MVNO,202191,1.77,-26481,14.21,1.11
536,2025-07-01,2025-07,North East,Sky Mobile,MVNO,177263,1.95,-43221,14.53,1.64
537,2025-07-01,2025-07,Scotland,Vodafone UK,MNO,2762589,22.75,-37320,22.4,1.75
538,2025-07-01,2025-07,Scotland,EE,MNO,3909301,32.38,16200,25.92,2.28
539,2025-07-01,2025-07,Scotland,Three UK,MNO,1405125,11.34,-17202,19.95,1.17
540,2025-07-01,2025-07,Scotland,O2 UK,MNO,1767732,20.76,4063,18.73,1.2
541,2025-07-01,2025-07,Scotland,SnowTelco,MNO,509222,3.52,585,24.9,2.42
542,2025-07-01,2025-07,Scotland,Tesco Mobile,MVNO,109520,1.98,71328,13.92,1.52
543,2025-07-01,2025-07,Scotland,giffgaff,MVNO,130568,1.66,24982,16.55,2.42
544,2025-07-01,2025-07,Scotland,Sky Mobile,MVNO,168058,1.27,-5248,13.35,2.05
545,2025-07-01,2025-07,Wales,Vodafone UK,MNO,4046580,27.21,69407,23.1,2.47
546,2025-07-01,2025-07,Wales,EE,MNO,2058626,36.33,17885,22.33,1.41
547,2025-07-01,2025-07,Wales,Three UK,MNO,942260,14.45,72050,23.89,1.14
548,2025-07-01,2025-07,Wales,O2 UK,MNO,2208203,28.44,-21232,23.41,2.46
549,2025-07-01,2025-07,Wales,SnowTelco,MNO,389945,4.16,72134,24.2,1.4
550,2025-07-01,2025-07,Wales,Tesco Mobile,MVNO,289733,2.6,-19212,12.77,2.18
551,2025-07-01,2025-07,Wales,giffgaff,MVNO,141170,1.56,-20499,13.94,2.37
552,2025-07-01,2025-07,Wales,Sky Mobile,MVNO,164544,1.1,56183,17.58,1.38
553,2025-07-01,2025-07,Northern Ireland,Vodafone UK,MNO,1347103,28.17,25951,23.07,1.74
554,2025-07-01,2025-07,Northern Ireland,EE,MNO,3092574,26.73,18211,23.25,2.32
555,2025-07-01,2025-07,Northern Ireland,Three UK,MNO,1259727,15.5,32769,23.41,2.48
556,2025-07-01,2025-07,Northern Ireland,O2 UK,MNO,885703,28.26,-20087,27.6,2.44
557,2025-07-01,2025-07,Northern Ireland,SnowTelco,MNO,155569,5.08,12298,23.67,1.55
558,2025-07-01,2025-07,Northern Ireland,Tesco Mobile,MVNO,260687,2.21,41143,15.79,1.24
559,2025-07-01,2025-07,Northern Ireland,giffgaff,MVNO,112291,1.52,-48726,14.28,1.83
560,2025-07-01,2025-07,Northern Ireland,Sky Mobile,MVNO,45369,1.09,7045,16.23,1.15
561,2025-08-01,2025-08,UK Total,Vodafone UK,MNO,22523776,25.03,91961,21.84,1.97
562,2025-08-01,2025-08,UK Total,EE,MNO,24722340,27.47,92643,21.03,1.21
563,2025-08-01,2025-08,UK Total,Three UK,MNO,13530368,15.03,87687,20.79,2.02
564,2025-08-01,2025-08,UK Total,O2 UK,MNO,20019237,22.24,17806,26.14,2.39
565,2025-08-01,2025-08,UK Total,SnowTelco,MNO,4398444,4.89,76885,25.49,1.39
566,2025-08-01,2025-08,UK Total,Tesco Mobile,MVNO,1765517,1.96,43675,17.7,1.12
567,2025-08-01,2025-08,UK Total,giffgaff,MVNO,1342625,1.49,-24484,12.52,1.47
568,2025-08-01,2025-08,UK Total,Sky Mobile,MVNO,1314235,1.46,-10870,16.36,1.45
569,2025-08-01,2025-08,London,Vodafone UK,MNO,2996942,26.97,99990,20.68,1.75
570,2025-08-01,2025-08,London,EE,MNO,2826629,26.36,27247,18.74,1.82
571,2025-08-01,2025-08,London,Three UK,MNO,1071647,11.09,61928,20.56,1.6
572,2025-08-01,2025-08,London,O2 UK,MNO,1561492,19.27,92076,26.12,1.49
573,2025-08-01,2025-08,London,SnowTelco,MNO,461692,3.67,20622,22.73,1.93
574,2025-08-01,2025-08,London,Tesco Mobile,MVNO,107917,1.88,44056,13.13,1.44
575,2025-08-01,2025-08,London,giffgaff,MVNO,277875,1.93,71022,16.52,2.47
576,2025-08-01,2025-08,London,Sky Mobile,MVNO,107027,1.34,2369,16.57,2.45
577,2025-08-01,2025-08,South East,Vodafone UK,MNO,3185988,31.37,98682,25.93,2.11
578,2025-08-01,2025-08,South East,EE,MNO,1691763,23.8,74111,20.47,2.4
579,2025-08-01,2025-08,South East,Three UK,MNO,632193,16.1,95926,24.69,1.13
580,2025-08-01,2025-08,South East,O2 UK,MNO,3163194,24.59,18795,21.18,1.38
581,2025-08-01,2025-08,South East,SnowTelco,MNO,585938,4.41,30714,23.19,1.03
582,2025-08-01,2025-08,South East,Tesco Mobile,MVNO,68982,1.64,69391,17.84,1.52
583,2025-08-01,2025-08,South East,giffgaff,MVNO,52693,1.17,5065,12.25,2.16
584,2025-08-01,2025-08,South East,Sky Mobile,MVNO,57071,1.88,62181,15.32,2.18
585,2025-08-01,2025-08,South West,Vodafone UK,MNO,2442684,17.99,-19945,22.2,1.99
586,2025-08-01,2025-08,South West,EE,MNO,2258963,28.34,-47567,18.52,1.55
587,2025-08-01,2025-08,South West,Three UK,MNO,1442412,15.89,46632,18.08,1.0
588,2025-08-01,2025-08,South West,O2 UK,MNO,2793759,22.96,52478,22.64,1.94
589,2025-08-01,2025-08,South West,SnowTelco,MNO,833287,6.15,8205,24.51,1.05
590,2025-08-01,2025-08,South West,Tesco Mobile,MVNO,187263,1.57,21830,13.48,1.37
591,2025-08-01,2025-08,South West,giffgaff,MVNO,146057,1.34,53294,12.24,1.09
592,2025-08-01,2025-08,South West,Sky Mobile,MVNO,105240,1.53,88067,12.86,1.82
593,2025-08-01,2025-08,Midlands,Vodafone UK,MNO,2634485,18.52,81969,24.73,1.72
594,2025-08-01,2025-08,Midlands,EE,MNO,1951613,27.38,78717,21.85,1.65
595,2025-08-01,2025-08,Midlands,Three UK,MNO,2299576,18.68,16439,20.52,1.54
596,2025-08-01,2025-08,Midlands,O2 UK,MNO,2192773,18.92,42714,23.71,1.28
597,2025-08-01,2025-08,Midlands,SnowTelco,MNO,236356,5.34,860,20.77,2.06
598,2025-08-01,2025-08,Midlands,Tesco Mobile,MVNO,305031,2.04,-14528,17.53,1.88
599,2025-08-01,2025-08,Midlands,giffgaff,MVNO,44485,1.17,-40732,13.03,1.56
600,2025-08-01,2025-08,Midlands,Sky Mobile,MVNO,179980,1.28,28390,17.13,1.86
601,2025-08-01,2025-08,North West,Vodafone UK,MNO,2878406,24.76,1421,22.94,1.2
602,2025-08-01,2025-08,North West,EE,MNO,2738769,23.99,9447,19.02,1.01
603,2025-08-01,2025-08,North West,Three UK,MNO,1431684,18.28,77905,27.26,2.38
604,2025-08-01,2025-08,North West,O2 UK,MNO,762737,16.95,48768,25.73,1.01
605,2025-08-01,2025-08,North West,SnowTelco,MNO,153954,4.33,34791,25.53,2.44
606,2025-08-01,2025-08,North West,Tesco Mobile,MVNO,113564,1.76,64594,14.67,1.43
607,2025-08-01,2025-08,North West,giffgaff,MVNO,247577,1.7,-14922,12.57,2.18
608,2025-08-01,2025-08,North West,Sky Mobile,MVNO,139557,1.64,64508,14.28,2.26
609,2025-08-01,2025-08,North East,Vodafone UK,MNO,3192930,29.22,32145,25.58,2.42
610,2025-08-01,2025-08,North East,EE,MNO,3573529,28.72,26310,25.11,1.23
611,2025-08-01,2025-08,North East,Three UK,MNO,2181149,17.44,68579,20.09,1.84
612,2025-08-01,2025-08,North East,O2 UK,MNO,2520294,20.82,71688,18.12,2.26
613,2025-08-01,2025-08,North East,SnowTelco,MNO,468384,4.79,20156,24.48,2.23
614,2025-08-01,2025-08,North East,Tesco Mobile,MVNO,205585,1.79,17834,14.94,1.41
615,2025-08-01,2025-08,North East,giffgaff,MVNO,186721,1.49,-30604,12.46,1.52
616,2025-08-01,2025-08,North East,Sky Mobile,MVNO,151665,1.44,79143,17.23,2.38
617,2025-08-01,2025-08,Scotland,Vodafone UK,MNO,2749641,22.82,17402,24.2,2.15
618,2025-08-01,2025-08,Scotland,EE,MNO,3502001,34.91,17632,26.93,2.08
619,2025-08-01,2025-08,Scotland,Three UK,MNO,1896597,13.32,-24032,19.6,1.42
620,2025-08-01,2025-08,Scotland,O2 UK,MNO,2466112,16.9,74243,24.33,1.7
621,2025-08-01,2025-08,Scotland,SnowTelco,MNO,246341,6.24,3694,20.89,2.19
622,2025-08-01,2025-08,Scotland,Tesco Mobile,MVNO,155999,1.85,98495,13.67,1.77
623,2025-08-01,2025-08,Scotland,giffgaff,MVNO,173591,1.26,15488,16.17,1.67
624,2025-08-01,2025-08,Scotland,Sky Mobile,MVNO,130041,1.47,45389,17.09,2.45
625,2025-08-01,2025-08,Wales,Vodafone UK,MNO,551485,18.19,19763,24.75,2.43
626,2025-08-01,2025-08,Wales,EE,MNO,4119483,29.33,67193,20.14,1.34
627,2025-08-01,2025-08,Wales,Three UK,MNO,830820,13.0,24893,22.22,2.44
628,2025-08-01,2025-08,Wales,O2 UK,MNO,2472602,19.41,53256,18.07,1.59
629,2025-08-01,2025-08,Wales,SnowTelco,MNO,536908,4.73,89416,20.39,1.47
630,2025-08-01,2025-08,Wales,Tesco Mobile,MVNO,121528,1.71,64055,12.01,1.67
631,2025-08-01,2025-08,Wales,giffgaff,MVNO,60544,1.48,91599,17.19,1.95
632,2025-08-01,2025-08,Wales,Sky Mobile,MVNO,173016,1.6,58064,16.72,1.15
633,2025-08-01,2025-08,Northern Ireland,Vodafone UK,MNO,1521585,27.64,6334,19.81,1.96
634,2025-08-01,2025-08,Northern Ireland,EE,MNO,1924911,27.17,39797,20.43,1.44
635,2025-08-01,2025-08,Northern Ireland,Three UK,MNO,1161059,15.95,-49420,22.97,2.45
636,2025-08-01,2025-08,Northern Ireland,O2 UK,MNO,1822349,16.99,12165,24.77,1.5
637,2025-08-01,2025-08,Northern Ireland,SnowTelco,MNO,620967,5.5,23093,25.05,1.7
638,2025-08-01,2025-08,Northern Ireland,Tesco Mobile,MVNO,221345,2.46,-11544,12.38,1.71
639,2025-08-01,2025-08,Northern Ireland,giffgaff,MVNO,134134,1.35,-2335,17.75,1.28
640,2025-08-01,2025-08,Northern Ireland,Sky Mobile,MVNO,102098,1.86,-40489,16.61,1.36
641,2025-09-01,2025-09,UK Total,Vodafone UK,MNO,22036584,24.49,38302,25.92,2.43
642,2025-09-01,2025-09,UK Total,EE,MNO,24909098,27.68,86672,25.18,1.17
643,2025-09-01,2025-09,UK Total,Three UK,MNO,13179904,14.64,-35261,18.45,2.44
644,2025-09-01,2025-09,UK Total,O2 UK,MNO,19968104,22.19,35768,25.37,1.34
645,2025-09-01,2025-09,UK Total,SnowTelco,MNO,4421796,4.91,30640,21.59,1.35
646,2025-09-01,2025-09,UK Total,Tesco Mobile,MVNO,1818720,2.02,57963,14.95,1.79
647,2025-09-01,2025-09,UK Total,giffgaff,MVNO,1353479,1.5,-2519,12.3,2.14
648,2025-09-01,2025-09,UK Total,Sky Mobile,MVNO,1369157,1.52,-37866,16.17,2.06
649,2025-09-01,2025-09,London,Vodafone UK,MNO,1912496,30.2,-34118,26.07,1.55
650,2025-09-01,2025-09,London,EE,MNO,2509855,23.99,45181,25.57,1.18
651,2025-09-01,2025-09,London,Three UK,MNO,2040600,14.53,-1693,20.84,1.1
652,2025-09-01,2025-09,London,O2 UK,MNO,3617603,26.22,79003,25.76,2.07
653,2025-09-01,2025-09,London,SnowTelco,MNO,330030,3.55,78412,23.15,1.95
654,2025-09-01,2025-09,London,Tesco Mobile,MVNO,75630,1.85,11156,15.82,1.94
655,2025-09-01,2025-09,London,giffgaff,MVNO,211664,1.78,5559,17.74,2.37
656,2025-09-01,2025-09,London,Sky Mobile,MVNO,90022,1.6,57801,16.77,2.45
657,2025-09-01,2025-09,South East,Vodafone UK,MNO,1837184,22.61,10970,23.84,1.81
658,2025-09-01,2025-09,South East,EE,MNO,3392465,23.36,21138,23.42,1.59
659,2025-09-01,2025-09,South East,Three UK,MNO,666191,13.2,88386,24.98,2.28
660,2025-09-01,2025-09,South East,O2 UK,MNO,4172659,29.25,-36884,23.64,1.83
661,2025-09-01,2025-09,South East,SnowTelco,MNO,461747,3.65,40694,27.51,1.52
662,2025-09-01,2025-09,South East,Tesco Mobile,MVNO,294963,2.08,77070,16.61,2.14
663,2025-09-01,2025-09,South East,giffgaff,MVNO,100483,1.25,-19381,12.1,1.83
664,2025-09-01,2025-09,South East,Sky Mobile,MVNO,186841,1.47,20777,15.84,2.44
665,2025-09-01,2025-09,South West,Vodafone UK,MNO,1548723,18.92,96031,23.94,2.39
666,2025-09-01,2025-09,South West,EE,MNO,2970477,23.99,33260,24.11,1.19
667,2025-09-01,2025-09,South West,Three UK,MNO,1366711,13.3,-4422,18.52,1.98
668,2025-09-01,2025-09,South West,O2 UK,MNO,1400252,21.45,-40382,23.01,1.91
669,2025-09-01,2025-09,South West,SnowTelco,MNO,702968,5.32,24481,23.81,1.17
670,2025-09-01,2025-09,South West,Tesco Mobile,MVNO,204422,2.13,-39283,12.63,1.74
671,2025-09-01,2025-09,South West,giffgaff,MVNO,178803,1.74,-15682,17.13,1.35
672,2025-09-01,2025-09,South West,Sky Mobile,MVNO,140276,1.33,61104,12.54,1.99
673,2025-09-01,2025-09,Midlands,Vodafone UK,MNO,2652724,28.02,9104,26.99,2.33
674,2025-09-01,2025-09,Midlands,EE,MNO,1897596,27.44,97004,23.91,1.68
675,2025-09-01,2025-09,Midlands,Three UK,MNO,2035206,14.46,3013,20.99,1.22
676,2025-09-01,2025-09,Midlands,O2 UK,MNO,1503951,24.62,-26319,19.45,1.81
677,2025-09-01,2025-09,Midlands,SnowTelco,MNO,605500,4.53,73093,20.5,1.14
678,2025-09-01,2025-09,Midlands,Tesco Mobile,MVNO,248405,2.24,92461,13.97,2.45
679,2025-09-01,2025-09,Midlands,giffgaff,MVNO,73615,1.19,93176,17.8,1.38
680,2025-09-01,2025-09,Midlands,Sky Mobile,MVNO,187382,1.92,61839,13.67,1.84
681,2025-09-01,2025-09,North West,Vodafone UK,MNO,2548792,20.02,-25529,24.88,1.65
682,2025-09-01,2025-09,North West,EE,MNO,2511152,35.25,27626,26.78,1.5
683,2025-09-01,2025-09,North West,Three UK,MNO,1625252,18.04,87999,23.18,1.26
684,2025-09-01,2025-09,North West,O2 UK,MNO,2094466,24.57,39326,26.89,2.01
685,2025-09-01,2025-09,North West,SnowTelco,MNO,228005,5.34,48367,21.12,2.33
686,2025-09-01,2025-09,North West,Tesco Mobile,MVNO,153451,1.74,44501,12.18,2.48
687,2025-09-01,2025-09,North West,giffgaff,MVNO,128036,1.4,53705,12.3,1.4
688,2025-09-01,2025-09,North West,Sky Mobile,MVNO,97796,1.31,-34464,17.16,2.23
689,2025-09-01,2025-09,North East,Vodafone UK,MNO,1524296,27.31,38485,27.83,1.5
690,2025-09-01,2025-09,North East,EE,MNO,2897913,33.16,-47725,20.45,2.1
691,2025-09-01,2025-09,North East,Three UK,MNO,871253,13.19,74289,19.04,1.95
692,2025-09-01,2025-09,North East,O2 UK,MNO,1522828,16.36,-42006,25.9,1.11
693,2025-09-01,2025-09,North East,SnowTelco,MNO,722289,6.18,11355,22.01,1.18
694,2025-09-01,2025-09,North East,Tesco Mobile,MVNO,155828,2.6,88111,17.62,1.18
695,2025-09-01,2025-09,North East,giffgaff,MVNO,155807,1.18,52506,16.34,2.03
696,2025-09-01,2025-09,North East,Sky Mobile,MVNO,108912,1.83,72971,12.29,1.52
697,2025-09-01,2025-09,Scotland,Vodafone UK,MNO,3525535,25.36,38105,23.63,1.3
698,2025-09-01,2025-09,Scotland,EE,MNO,3469666,25.95,43083,19.82,1.89
699,2025-09-01,2025-09,Scotland,Three UK,MNO,1366986,17.86,-32074,18.72,2.09
700,2025-09-01,2025-09,Scotland,O2 UK,MNO,2002164,26.89,32957,19.21,1.1
701,2025-09-01,2025-09,Scotland,SnowTelco,MNO,377096,5.61,89952,21.86,1.03
702,2025-09-01,2025-09,Scotland,Tesco Mobile,MVNO,159701,1.49,-15625,17.62,1.07
703,2025-09-01,2025-09,Scotland,giffgaff,MVNO,77299,1.35,16611,13.83,2.18
704,2025-09-01,2025-09,Scotland,Sky Mobile,MVNO,158427,1.3,-2895,15.45,1.31
705,2025-09-01,2025-09,Wales,Vodafone UK,MNO,2389122,22.71,-32749,19.19,1.24
706,2025-09-01,2025-09,Wales,EE,MNO,1302510,22.52,-14859,18.79,1.14
707,2025-09-01,2025-09,Wales,Three UK,MNO,491218,11.34,57700,21.62,1.85
708,2025-09-01,2025-09,Wales,O2 UK,MNO,2711937,27.6,-31788,25.82,1.82
709,2025-09-01,2025-09,Wales,SnowTelco,MNO,613577,5.56,17395,20.81,1.35
710,2025-09-01,2025-09,Wales,Tesco Mobile,MVNO,163239,2.25,81958,15.31,1.78
711,2025-09-01,2025-09,Wales,giffgaff,MVNO,153578,1.2,43621,12.34,1.85
712,2025-09-01,2025-09,Wales,Sky Mobile,MVNO,146933,1.45,54392,12.42,2.4
713,2025-09-01,2025-09,Northern Ireland,Vodafone UK,MNO,1855493,20.22,-22633,21.38,1.44
714,2025-09-01,2025-09,Northern Ireland,EE,MNO,1235279,21.0,-3550,26.09,2.04
715,2025-09-01,2025-09,Northern Ireland,Three UK,MNO,751635,18.09,-33252,26.12,1.24
716,2025-09-01,2025-09,Northern Ireland,O2 UK,MNO,2886919,24.54,36641,19.65,1.31
717,2025-09-01,2025-09,Northern Ireland,SnowTelco,MNO,235914,5.81,15302,19.58,1.55
718,2025-09-01,2025-09,Northern Ireland,Tesco Mobile,MVNO,331130,2.54,81106,12.06,1.73
719,2025-09-01,2025-09,Northern Ireland,giffgaff,MVNO,79023,1.1,20565,15.09,2.06
720,2025-09-01,2025-09,Northern Ireland,Sky Mobile,MVNO,109890,1.77,59781,14.92,1.57
721,2025-10-01,2025-10,UK Total,Vodafone UK,MNO,22591523,25.1,30725,27.29,1.65
722,2025-10-01,2025-10,UK Total,EE,MNO,24647603,27.39,51443,18.97,1.01
723,2025-10-01,2025-10,UK Total,Three UK,MNO,13355778,14.84,-25992,22.85,1.86
724,2025-10-01,2025-10,UK Total,O2 UK,MNO,20380377,22.64,7232,23.18,2.25
725,2025-10-01,2025-10,UK Total,SnowTelco,MNO,4395336,4.88,36384,21.49,1.32
726,2025-10-01,2025-10,UK Total,Tesco Mobile,MVNO,1806259,2.01,3595,17.38,1.51
727,2025-10-01,2025-10,UK Total,giffgaff,MVNO,1343105,1.49,44832,13.77,1.04
728,2025-10-01,2025-10,UK Total,Sky Mobile,MVNO,1346818,1.5,-28733,16.85,1.91
729,2025-10-01,2025-10,London,Vodafone UK,MNO,3289853,27.06,-10475,27.46,1.65
730,2025-10-01,2025-10,London,EE,MNO,791346,20.87,16537,26.46,2.06
731,2025-10-01,2025-10,London,Three UK,MNO,1279930,12.9,-25022,19.47,2.04
732,2025-10-01,2025-10,London,O2 UK,MNO,3687963,27.08,59566,23.2,1.74
733,2025-10-01,2025-10,London,SnowTelco,MNO,167082,5.47,12710,24.53,1.4
734,2025-10-01,2025-10,London,Tesco Mobile,MVNO,179801,2.0,57089,17.86,2.24
735,2025-10-01,2025-10,London,giffgaff,MVNO,53818,1.55,76122,14.18,1.57
736,2025-10-01,2025-10,London,Sky Mobile,MVNO,178888,1.21,-33637,13.64,1.94
737,2025-10-01,2025-10,South East,Vodafone UK,MNO,1551380,22.28,70380,19.61,1.68
738,2025-10-01,2025-10,South East,EE,MNO,881878,22.66,77164,21.18,2.37
739,2025-10-01,2025-10,South East,Three UK,MNO,1872534,12.87,86177,20.46,1.28
740,2025-10-01,2025-10,South East,O2 UK,MNO,1378255,27.09,-3656,25.53,1.39
741,2025-10-01,2025-10,South East,SnowTelco,MNO,412792,6.27,47071,19.33,1.86
742,2025-10-01,2025-10,South East,Tesco Mobile,MVNO,204152,2.03,-34598,14.52,1.68
743,2025-10-01,2025-10,South East,giffgaff,MVNO,209153,1.7,19581,15.77,2.04
744,2025-10-01,2025-10,South East,Sky Mobile,MVNO,53255,1.33,27124,15.32,2.44
745,2025-10-01,2025-10,South West,Vodafone UK,MNO,4237248,28.45,86098,23.33,1.78
746,2025-10-01,2025-10,South West,EE,MNO,3947409,28.79,39400,22.11,1.42
747,2025-10-01,2025-10,South West,Three UK,MNO,990567,12.51,38794,25.35,1.77
748,2025-10-01,2025-10,South West,O2 UK,MNO,2437234,18.07,60034,21.54,1.79
749,2025-10-01,2025-10,South West,SnowTelco,MNO,302208,5.18,81790,19.51,1.47
750,2025-10-01,2025-10,South West,Tesco Mobile,MVNO,264905,2.29,-24512,12.13,1.99
751,2025-10-01,2025-10,South West,giffgaff,MVNO,113965,1.55,6107,12.79,2.14
752,2025-10-01,2025-10,South West,Sky Mobile,MVNO,114175,1.18,44374,12.91,1.23
753,2025-10-01,2025-10,Midlands,Vodafone UK,MNO,3869982,26.79,-21695,22.69,1.51
754,2025-10-01,2025-10,Midlands,EE,MNO,2409154,27.63,75690,20.26,2.25
755,2025-10-01,2025-10,Midlands,Three UK,MNO,1099670,13.57,-25168,26.8,2.28
756,2025-10-01,2025-10,Midlands,O2 UK,MNO,530696,16.28,52348,27.26,2.23
757,2025-10-01,2025-10,Midlands,SnowTelco,MNO,304553,6.02,37374,26.17,1.51
758,2025-10-01,2025-10,Midlands,Tesco Mobile,MVNO,146851,1.86,-36455,12.91,2.24
759,2025-10-01,2025-10,Midlands,giffgaff,MVNO,64571,1.07,56509,17.94,1.81
760,2025-10-01,2025-10,Midlands,Sky Mobile,MVNO,159966,1.98,-14222,16.5,2.47
761,2025-10-01,2025-10,North West,Vodafone UK,MNO,4661619,31.29,4572,19.75,2.21
762,2025-10-01,2025-10,North West,EE,MNO,3043962,22.08,86050,23.71,1.94
763,2025-10-01,2025-10,North West,Three UK,MNO,1458047,12.91,99971,24.22,2.0
764,2025-10-01,2025-10,North West,O2 UK,MNO,2050343,16.78,-1166,24.86,1.25
765,2025-10-01,2025-10,North West,SnowTelco,MNO,146475,4.27,74390,19.92,2.09
766,2025-10-01,2025-10,North West,Tesco Mobile,MVNO,145346,1.48,63135,13.51,1.86
767,2025-10-01,2025-10,North West,giffgaff,MVNO,203127,1.44,44695,12.66,1.82
768,2025-10-01,2025-10,North West,Sky Mobile,MVNO,113850,1.58,86735,12.81,2.43
769,2025-10-01,2025-10,North East,Vodafone UK,MNO,1166545,26.11,74131,23.39,1.57
770,2025-10-01,2025-10,North East,EE,MNO,2929264,22.68,68860,19.12,1.51
771,2025-10-01,2025-10,North East,Three UK,MNO,700220,17.07,32879,21.25,1.03
772,2025-10-01,2025-10,North East,O2 UK,MNO,527586,16.71,-49739,19.33,2.1
773,2025-10-01,2025-10,North East,SnowTelco,MNO,498165,6.24,50537,18.92,1.59
774,2025-10-01,2025-10,North East,Tesco Mobile,MVNO,109161,1.89,7855,13.29,1.49
775,2025-10-01,2025-10,North East,giffgaff,MVNO,183107,1.32,-14951,16.29,1.39
776,2025-10-01,2025-10,North East,Sky Mobile,MVNO,191047,1.31,37043,14.59,2.05
777,2025-10-01,2025-10,Scotland,Vodafone UK,MNO,3582679,29.43,60019,21.19,1.93
778,2025-10-01,2025-10,Scotland,EE,MNO,1261079,34.02,32195,22.43,1.66
779,2025-10-01,2025-10,Scotland,Three UK,MNO,1113331,18.95,41625,18.17,1.74
780,2025-10-01,2025-10,Scotland,O2 UK,MNO,3822460,26.19,51074,24.24,1.81
781,2025-10-01,2025-10,Scotland,SnowTelco,MNO,541111,4.66,58002,25.12,1.49
782,2025-10-01,2025-10,Scotland,Tesco Mobile,MVNO,197653,2.01,-33134,15.47,1.71
783,2025-10-01,2025-10,Scotland,giffgaff,MVNO,162815,1.46,-36805,16.58,1.31
784,2025-10-01,2025-10,Scotland,Sky Mobile,MVNO,251445,1.74,48776,15.98,2.22
785,2025-10-01,2025-10,Wales,Vodafone UK,MNO,1536354,22.53,59214,20.61,2.17
786,2025-10-01,2025-10,Wales,EE,MNO,3423170,32.89,-30538,24.71,1.4
787,2025-10-01,2025-10,Wales,Three UK,MNO,570357,10.78,45792,23.33,2.12
788,2025-10-01,2025-10,Wales,O2 UK,MNO,1331923,22.42,70654,22.87,1.12
789,2025-10-01,2025-10,Wales,SnowTelco,MNO,637428,5.26,22951,18.29,2.4
790,2025-10-01,2025-10,Wales,Tesco Mobile,MVNO,204922,1.85,34783,12.08,1.11
791,2025-10-01,2025-10,Wales,giffgaff,MVNO,67233,1.33,2751,12.76,2.08
792,2025-10-01,2025-10,Wales,Sky Mobile,MVNO,218986,1.52,87056,12.3,2.2
793,2025-10-01,2025-10,Northern Ireland,Vodafone UK,MNO,2566435,18.1,10616,25.88,2.19
794,2025-10-01,2025-10,Northern Ireland,EE,MNO,1555759,23.85,-39536,21.28,2.11
795,2025-10-01,2025-10,Northern Ireland,Three UK,MNO,1054049,13.97,35396,22.4,2.48
796,2025-10-01,2025-10,Northern Ireland,O2 UK,MNO,1803797,18.53,16359,19.31,2.15
797,2025-10-01,2025-10,Northern Ireland,SnowTelco,MNO,369796,5.17,93322,22.35,1.89
798,2025-10-01,2025-10,Northern Ireland,Tesco Mobile,MVNO,254450,1.86,-615,13.83,1.11
799,2025-10-01,2025-10,Northern Ireland,giffgaff,MVNO,33353,1.08,1076,17.09,1.07
800,2025-10-01,2025-10,Northern Ireland,Sky Mobile,MVNO,170058,1.85,32580,14.19,1.06
801,2025-11-01,2025-11,UK Total,Vodafone UK,MNO,22966798,25.52,29336,20.83,1.67
802,2025-11-01,2025-11,UK Total,EE,MNO,25200348,28.0,87717,20.02,1.56
803,2025-11-01,2025-11,UK Total,Three UK,MNO,13161838,14.62,-49052,21.09,1.91
804,2025-11-01,2025-11,UK Total,O2 UK,MNO,19363902,21.52,19452,23.43,2.21
805,2025-11-01,2025-11,UK Total,SnowTelco,MNO,4598248,5.11,38760,20.83,1.06
806,2025-11-01,2025-11,UK Total,Tesco Mobile,MVNO,1811334,2.01,36508,15.01,2.32
807,2025-11-01,2025-11,UK Total,giffgaff,MVNO,1314161,1.46,44345,13.99,2.07
808,2025-11-01,2025-11,UK Total,Sky Mobile,MVNO,1315047,1.46,17936,14.9,1.92
809,2025-11-01,2025-11,London,Vodafone UK,MNO,3711310,29.06,21394,21.95,1.86
810,2025-11-01,2025-11,London,EE,MNO,1261362,20.85,17621,27.99,1.54
811,2025-11-01,2025-11,London,Three UK,MNO,1615612,14.48,62455,26.46,2.48
812,2025-11-01,2025-11,London,O2 UK,MNO,1936059,17.05,-46178,26.29,2.19
813,2025-11-01,2025-11,London,SnowTelco,MNO,272521,5.46,71284,24.57,1.85
814,2025-11-01,2025-11,London,Tesco Mobile,MVNO,237426,1.62,-39552,12.74,1.92
815,2025-11-01,2025-11,London,giffgaff,MVNO,138830,1.09,-18011,16.3,1.47
816,2025-11-01,2025-11,London,Sky Mobile,MVNO,253926,1.79,67409,12.42,1.79
817,2025-11-01,2025-11,South East,Vodafone UK,MNO,2355369,22.64,-25265,27.31,1.6
818,2025-11-01,2025-11,South East,EE,MNO,1800245,31.32,50703,18.96,1.43
819,2025-11-01,2025-11,South East,Three UK,MNO,1819317,16.66,-37943,21.68,2.33
820,2025-11-01,2025-11,South East,O2 UK,MNO,3803581,27.5,84940,21.35,2.08
821,2025-11-01,2025-11,South East,SnowTelco,MNO,239131,3.7,47689,18.54,1.06
822,2025-11-01,2025-11,South East,Tesco Mobile,MVNO,115726,1.92,20153,13.17,1.11
823,2025-11-01,2025-11,South East,giffgaff,MVNO,164181,1.68,-6169,15.75,2.11
824,2025-11-01,2025-11,South East,Sky Mobile,MVNO,74439,1.71,35220,15.26,2.31
825,2025-11-01,2025-11,South West,Vodafone UK,MNO,1053345,29.29,-34571,25.58,1.38
826,2025-11-01,2025-11,South West,EE,MNO,2978039,26.54,44386,24.64,1.42
827,2025-11-01,2025-11,South West,Three UK,MNO,548527,16.84,1459,18.05,2.38
828,2025-11-01,2025-11,South West,O2 UK,MNO,2414758,27.12,32486,26.85,1.72
829,2025-11-01,2025-11,South West,SnowTelco,MNO,566832,6.11,38853,25.95,1.35
830,2025-11-01,2025-11,South West,Tesco Mobile,MVNO,206399,2.33,44423,16.78,1.3
831,2025-11-01,2025-11,South West,giffgaff,MVNO,118988,1.24,64159,14.89,1.61
832,2025-11-01,2025-11,South West,Sky Mobile,MVNO,165465,1.52,59267,16.47,2.1
833,2025-11-01,2025-11,Midlands,Vodafone UK,MNO,4125610,29.6,51613,21.4,1.49
834,2025-11-01,2025-11,Midlands,EE,MNO,3602841,25.08,37347,23.1,2.44
835,2025-11-01,2025-11,Midlands,Three UK,MNO,1035374,16.64,-46053,20.89,1.25
836,2025-11-01,2025-11,Midlands,O2 UK,MNO,2740117,24.62,24659,27.9,1.43
837,2025-11-01,2025-11,Midlands,SnowTelco,MNO,773255,6.41,7419,25.89,1.38
838,2025-11-01,2025-11,Midlands,Tesco Mobile,MVNO,138738,2.02,66341,16.92,2.27
839,2025-11-01,2025-11,Midlands,giffgaff,MVNO,106559,1.55,-6401,17.92,1.03
840,2025-11-01,2025-11,Midlands,Sky Mobile,MVNO,180610,1.25,55435,17.58,1.91
841,2025-11-01,2025-11,North West,Vodafone UK,MNO,1957304,26.06,43338,20.21,1.16
842,2025-11-01,2025-11,North West,EE,MNO,2439037,25.72,6378,26.01,1.73
843,2025-11-01,2025-11,North West,Three UK,MNO,2215017,15.67,-9038,20.66,2.08
844,2025-11-01,2025-11,North West,O2 UK,MNO,1587261,18.1,76392,19.42,2.28
845,2025-11-01,2025-11,North West,SnowTelco,MNO,415540,5.54,41118,21.47,1.69
846,2025-11-01,2025-11,North West,Tesco Mobile,MVNO,66795,1.5,35381,16.96,2.07
847,2025-11-01,2025-11,North West,giffgaff,MVNO,73068,1.47,96464,12.17,1.71
848,2025-11-01,2025-11,North West,Sky Mobile,MVNO,112040,1.29,61475,14.39,1.38
849,2025-11-01,2025-11,North East,Vodafone UK,MNO,2708762,26.42,-10107,20.82,1.34
850,2025-11-01,2025-11,North East,EE,MNO,2156645,26.66,3476,26.38,1.1
851,2025-11-01,2025-11,North East,Three UK,MNO,1578636,18.89,99742,25.99,2.43
852,2025-11-01,2025-11,North East,O2 UK,MNO,3368382,24.1,24860,27.51,1.41
853,2025-11-01,2025-11,North East,SnowTelco,MNO,343147,6.37,61594,24.02,1.33
854,2025-11-01,2025-11,North East,Tesco Mobile,MVNO,273968,2.03,-1945,14.06,2.21
855,2025-11-01,2025-11,North East,giffgaff,MVNO,101159,1.5,-23455,13.69,1.23
856,2025-11-01,2025-11,North East,Sky Mobile,MVNO,224402,1.56,-42751,14.11,1.46
857,2025-11-01,2025-11,Scotland,Vodafone UK,MNO,2874969,26.96,-40947,27.8,1.52
858,2025-11-01,2025-11,Scotland,EE,MNO,2530653,22.01,11528,23.06,2.42
859,2025-11-01,2025-11,Scotland,Three UK,MNO,2335471,15.86,-1777,25.32,1.08
860,2025-11-01,2025-11,Scotland,O2 UK,MNO,2549745,18.97,-9728,26.61,1.38
861,2025-11-01,2025-11,Scotland,SnowTelco,MNO,557515,4.26,17464,21.88,1.06
862,2025-11-01,2025-11,Scotland,Tesco Mobile,MVNO,245367,2.14,70112,16.39,1.5
863,2025-11-01,2025-11,Scotland,giffgaff,MVNO,201688,1.38,77095,17.99,1.97
864,2025-11-01,2025-11,Scotland,Sky Mobile,MVNO,149710,1.06,-47913,17.27,1.89
865,2025-11-01,2025-11,Wales,Vodafone UK,MNO,2636433,27.75,89208,26.11,2.28
866,2025-11-01,2025-11,Wales,EE,MNO,3053433,29.62,6200,18.34,1.72
867,2025-11-01,2025-11,Wales,Three UK,MNO,2437650,19.54,69157,22.06,2.25
868,2025-11-01,2025-11,Wales,O2 UK,MNO,1617650,19.36,15432,19.49,1.64
869,2025-11-01,2025-11,Wales,SnowTelco,MNO,392433,3.66,80306,20.4,1.47
870,2025-11-01,2025-11,Wales,Tesco Mobile,MVNO,74218,1.45,-6248,15.94,1.95
871,2025-11-01,2025-11,Wales,giffgaff,MVNO,77794,1.25,88970,17.35,1.7
872,2025-11-01,2025-11,Wales,Sky Mobile,MVNO,31857,1.06,-11430,13.68,1.94
873,2025-11-01,2025-11,Northern Ireland,Vodafone UK,MNO,1666879,23.1,-10393,18.14,1.85
874,2025-11-01,2025-11,Northern Ireland,EE,MNO,1823104,25.31,4047,23.55,1.02
875,2025-11-01,2025-11,Northern Ireland,Three UK,MNO,2083414,17.78,-17625,27.18,1.7
876,2025-11-01,2025-11,Northern Ireland,O2 UK,MNO,1177259,22.98,-46536,18.94,2.18
877,2025-11-01,2025-11,Northern Ireland,SnowTelco,MNO,484093,6.13,83256,19.83,2.14
878,2025-11-01,2025-11,Northern Ireland,Tesco Mobile,MVNO,163268,2.56,30440,12.08,2.37
879,2025-11-01,2025-11,Northern Ireland,giffgaff,MVNO,161957,1.79,-13845,13.48,1.45
880,2025-11-01,2025-11,Northern Ireland,Sky Mobile,MVNO,140387,1.43,22735,15.36,1.83
881,2025-12-01,2025-12,UK Total,Vodafone UK,MNO,21904487,24.34,-16332,24.62,2.18
882,2025-12-01,2025-12,UK Total,EE,MNO,25577976,28.42,61943,20.96,1.86
883,2025-12-01,2025-12,UK Total,Three UK,MNO,13794875,15.33,45154,24.34,1.59
884,2025-12-01,2025-12,UK Total,O2 UK,MNO,19599466,21.78,80966,22.91,1.15
885,2025-12-01,2025-12,UK Total,SnowTelco,MNO,4547711,5.05,41548,20.56,1.66
886,2025-12-01,2025-12,UK Total,Tesco Mobile,MVNO,1838865,2.04,28566,13.14,1.29
887,2025-12-01,2025-12,UK Total,giffgaff,MVNO,1372137,1.52,-26923,12.7,2.19
888,2025-12-01,2025-12,UK Total,Sky Mobile,MVNO,1380757,1.53,69084,17.95,2.12
889,2025-12-01,2025-12,London,Vodafone UK,MNO,2847217,19.95,40553,19.57,1.47
890,2025-12-01,2025-12,London,EE,MNO,4549336,31.0,-41707,27.21,1.85
891,2025-12-01,2025-12,London,Three UK,MNO,2253193,18.25,75859,27.44,2.24
892,2025-12-01,2025-12,London,O2 UK,MNO,2477979,27.81,-3448,24.3,1.72
893,2025-12-01,2025-12,London,SnowTelco,MNO,559177,5.58,33821,19.79,1.69
894,2025-12-01,2025-12,London,Tesco Mobile,MVNO,85701,2.27,94175,12.6,1.85
895,2025-12-01,2025-12,London,giffgaff,MVNO,68242,1.34,-20175,15.21,1.82
896,2025-12-01,2025-12,London,Sky Mobile,MVNO,62821,1.49,70264,17.87,2.1
897,2025-12-01,2025-12,South East,Vodafone UK,MNO,3324503,24.56,69224,25.68,2.47
898,2025-12-01,2025-12,South East,EE,MNO,3307145,22.91,-25277,22.34,1.5
899,2025-12-01,2025-12,South East,Three UK,MNO,1130196,11.32,72164,23.83,1.22
900,2025-12-01,2025-12,South East,O2 UK,MNO,1485595,16.8,-35140,24.68,2.12
901,2025-12-01,2025-12,South East,SnowTelco,MNO,532865,6.16,35977,20.69,1.26
902,2025-12-01,2025-12,South East,Tesco Mobile,MVNO,229480,2.33,-47158,16.14,1.67
903,2025-12-01,2025-12,South East,giffgaff,MVNO,271279,1.94,-9454,16.64,1.53
904,2025-12-01,2025-12,South East,Sky Mobile,MVNO,210842,1.7,5773,12.72,2.37
905,2025-12-01,2025-12,South West,Vodafone UK,MNO,2149195,21.82,64289,22.36,2.03
906,2025-12-01,2025-12,South West,EE,MNO,2575710,30.14,-12922,22.88,2.05
907,2025-12-01,2025-12,South West,Three UK,MNO,699288,16.86,-41040,25.1,2.0
908,2025-12-01,2025-12,South West,O2 UK,MNO,1615704,17.91,-16991,23.61,1.57
909,2025-12-01,2025-12,South West,SnowTelco,MNO,251111,5.03,14144,26.97,1.8
910,2025-12-01,2025-12,South West,Tesco Mobile,MVNO,314078,2.56,-42126,15.67,2.13
911,2025-12-01,2025-12,South West,giffgaff,MVNO,224165,1.61,19113,16.23,2.49
912,2025-12-01,2025-12,South West,Sky Mobile,MVNO,220425,1.89,-31211,16.27,2.12
913,2025-12-01,2025-12,Midlands,Vodafone UK,MNO,1455959,22.67,-15198,19.25,1.76
914,2025-12-01,2025-12,Midlands,EE,MNO,2199497,29.12,58978,20.61,1.97
915,2025-12-01,2025-12,Midlands,Three UK,MNO,553761,17.87,-17400,21.64,1.96
916,2025-12-01,2025-12,Midlands,O2 UK,MNO,2429940,22.2,-46504,25.94,1.01
917,2025-12-01,2025-12,Midlands,SnowTelco,MNO,241754,4.98,10163,19.26,2.04
918,2025-12-01,2025-12,Midlands,Tesco Mobile,MVNO,149065,1.96,21319,15.43,1.99
919,2025-12-01,2025-12,Midlands,giffgaff,MVNO,193626,1.4,70463,13.69,2.07
920,2025-12-01,2025-12,Midlands,Sky Mobile,MVNO,126849,1.45,-30755,17.79,2.12
921,2025-12-01,2025-12,North West,Vodafone UK,MNO,2079687,26.24,57376,18.53,2.03
922,2025-12-01,2025-12,North West,EE,MNO,1228485,26.29,43318,26.31,2.14
923,2025-12-01,2025-12,North West,Three UK,MNO,1660445,15.59,55433,27.7,1.48
924,2025-12-01,2025-12,North West,O2 UK,MNO,2017823,19.23,84123,18.97,2.24
925,2025-12-01,2025-12,North West,SnowTelco,MNO,412474,5.03,9086,20.83,2.11
926,2025-12-01,2025-12,North West,Tesco Mobile,MVNO,148979,1.59,82574,16.39,2.26
927,2025-12-01,2025-12,North West,giffgaff,MVNO,77770,1.38,-3010,16.38,2.48
928,2025-12-01,2025-12,North West,Sky Mobile,MVNO,134563,1.64,-37201,13.24,1.3
929,2025-12-01,2025-12,North East,Vodafone UK,MNO,3021175,23.49,-33871,25.64,1.76
930,2025-12-01,2025-12,North East,EE,MNO,2144513,27.69,65756,25.12,2.39
931,2025-12-01,2025-12,North East,Three UK,MNO,1855212,12.91,-21685,26.33,1.79
932,2025-12-01,2025-12,North East,O2 UK,MNO,1237360,16.48,53822,24.69,1.73
933,2025-12-01,2025-12,North East,SnowTelco,MNO,672404,6.55,48911,19.8,2.43
934,2025-12-01,2025-12,North East,Tesco Mobile,MVNO,69621,1.59,47948,14.14,1.68
935,2025-12-01,2025-12,North East,giffgaff,MVNO,127178,1.9,77782,12.94,1.27
936,2025-12-01,2025-12,North East,Sky Mobile,MVNO,131669,1.11,94310,17.66,2.08
937,2025-12-01,2025-12,Scotland,Vodafone UK,MNO,1250391,24.99,-606,19.16,2.31
938,2025-12-01,2025-12,Scotland,EE,MNO,3599504,31.92,-20819,25.97,1.87
939,2025-12-01,2025-12,Scotland,Three UK,MNO,2130273,17.72,-15451,24.21,2.43
940,2025-12-01,2025-12,Scotland,O2 UK,MNO,1056449,15.81,35008,27.1,1.33
941,2025-12-01,2025-12,Scotland,SnowTelco,MNO,430741,5.35,76943,20.77,1.95
942,2025-12-01,2025-12,Scotland,Tesco Mobile,MVNO,152685,1.88,55986,12.21,1.97
943,2025-12-01,2025-12,Scotland,giffgaff,MVNO,247066,1.92,-49065,16.85,2.19
944,2025-12-01,2025-12,Scotland,Sky Mobile,MVNO,265435,1.88,-16523,16.06,2.0
945,2025-12-01,2025-12,Wales,Vodafone UK,MNO,3098753,23.34,-20643,21.47,1.22
946,2025-12-01,2025-12,Wales,EE,MNO,1561735,32.71,14875,19.33,2.19
947,2025-12-01,2025-12,Wales,Three UK,MNO,1654705,11.6,80680,20.53,1.92
948,2025-12-01,2025-12,Wales,O2 UK,MNO,3028383,21.63,52962,22.71,2.33
949,2025-12-01,2025-12,Wales,SnowTelco,MNO,698561,5.26,294,27.79,1.18
950,2025-12-01,2025-12,Wales,Tesco Mobile,MVNO,143372,2.31,11180,12.52,2.49
951,2025-12-01,2025-12,Wales,giffgaff,MVNO,186160,1.47,-30245,16.55,1.52
952,2025-12-01,2025-12,Wales,Sky Mobile,MVNO,173456,1.79,-1467,17.79,1.21
953,2025-12-01,2025-12,Northern Ireland,Vodafone UK,MNO,1309903,19.97,61778,21.02,2.41
954,2025-12-01,2025-12,Northern Ireland,EE,MNO,1730183,33.54,-30046,19.76,2.24
955,2025-12-01,2025-12,Northern Ireland,Three UK,MNO,2529077,18.16,2199,27.76,1.88
956,2025-12-01,2025-12,Northern Ireland,O2 UK,MNO,2952720,20.77,-35717,18.1,1.98
957,2025-12-01,2025-12,Northern Ireland,SnowTelco,MNO,178592,4.33,95782,20.02,1.42
958,2025-12-01,2025-12,Northern Ireland,Tesco Mobile,MVNO,127408,2.24,89119,14.86,1.54
959,2025-12-01,2025-12,Northern Ireland,giffgaff,MVNO,36720,1.1,-47148,14.28,1.07
960,2025-12-01,2025-12,Northern Ireland,Sky Mobile,MVNO,53633,1.02,6388,14.75,2.16
961,2026-01-01,2026-01,UK Total,Vodafone UK,MNO,22058681,24.51,-49021,23.3,1.64
962,2026-01-01,2026-01,UK Total,EE,MNO,24484159,27.2,-3411,18.92,1.82
963,2026-01-01,2026-01,UK Total,Three UK,MNO,13390453,14.88,23670,20.35,1.83
964,2026-01-01,2026-01,UK Total,O2 UK,MNO,20343925,22.6,-10664,25.49,2.5
965,2026-01-01,2026-01,UK Total,SnowTelco,MNO,4441453,4.93,29640,27.52,1.96
966,2026-01-01,2026-01,UK Total,Tesco Mobile,MVNO,1761242,1.96,54399,13.01,2.27
967,2026-01-01,2026-01,UK Total,giffgaff,MVNO,1310752,1.46,86153,13.06,1.07
968,2026-01-01,2026-01,UK Total,Sky Mobile,MVNO,1329512,1.48,98093,12.99,1.72
969,2026-01-01,2026-01,London,Vodafone UK,MNO,1266916,19.0,9112,20.39,1.85
970,2026-01-01,2026-01,London,EE,MNO,927644,27.74,16784,18.91,1.5
971,2026-01-01,2026-01,London,Three UK,MNO,741190,11.83,14867,27.01,1.36
972,2026-01-01,2026-01,London,O2 UK,MNO,1635593,23.47,75537,19.77,1.39
973,2026-01-01,2026-01,London,SnowTelco,MNO,502685,5.93,47986,27.33,2.35
974,2026-01-01,2026-01,London,Tesco Mobile,MVNO,212538,2.06,25068,17.04,2.11
975,2026-01-01,2026-01,London,giffgaff,MVNO,130661,1.34,6059,14.99,1.13
976,2026-01-01,2026-01,London,Sky Mobile,MVNO,73624,1.27,731,17.44,1.66
977,2026-01-01,2026-01,South East,Vodafone UK,MNO,1449868,19.47,29934,21.09,1.72
978,2026-01-01,2026-01,South East,EE,MNO,1152756,28.83,-26188,25.43,1.1
979,2026-01-01,2026-01,South East,Three UK,MNO,1924667,13.47,-41199,20.97,2.12
980,2026-01-01,2026-01,South East,O2 UK,MNO,2064352,18.96,-345,24.77,2.16
981,2026-01-01,2026-01,South East,SnowTelco,MNO,768747,5.7,69270,21.67,2.46
982,2026-01-01,2026-01,South East,Tesco Mobile,MVNO,297161,2.43,-22406,12.7,2.48
983,2026-01-01,2026-01,South East,giffgaff,MVNO,200535,1.49,8132,17.83,1.4
984,2026-01-01,2026-01,South East,Sky Mobile,MVNO,125845,1.35,24257,13.32,1.62
985,2026-01-01,2026-01,South West,Vodafone UK,MNO,2253182,31.05,79559,23.22,2.28
986,2026-01-01,2026-01,South West,EE,MNO,1251508,35.07,98843,27.81,1.54
987,2026-01-01,2026-01,South West,Three UK,MNO,1455957,11.64,54691,25.44,1.45
988,2026-01-01,2026-01,South West,O2 UK,MNO,2896716,21.28,97030,22.15,1.28
989,2026-01-01,2026-01,South West,SnowTelco,MNO,758740,5.74,16312,21.25,1.43
990,2026-01-01,2026-01,South West,Tesco Mobile,MVNO,252215,2.64,23655,13.03,1.88
991,2026-01-01,2026-01,South West,giffgaff,MVNO,132427,1.05,30825,13.94,1.21
992,2026-01-01,2026-01,South West,Sky Mobile,MVNO,60947,1.29,-26840,14.98,2.15
993,2026-01-01,2026-01,Midlands,Vodafone UK,MNO,3150701,23.49,-38715,22.65,2.48
994,2026-01-01,2026-01,Midlands,EE,MNO,1335101,30.42,-24880,27.61,1.36
995,2026-01-01,2026-01,Midlands,Three UK,MNO,1808180,14.45,76592,19.65,1.89
996,2026-01-01,2026-01,Midlands,O2 UK,MNO,1491054,27.88,-47158,19.6,1.31
997,2026-01-01,2026-01,Midlands,SnowTelco,MNO,159779,4.45,4224,27.67,2.08
998,2026-01-01,2026-01,Midlands,Tesco Mobile,MVNO,203601,2.28,90714,14.66,2.34
999,2026-01-01,2026-01,Midlands,giffgaff,MVNO,139512,1.77,-5373,14.9,1.13
1000,2026-01-01,2026-01,Midlands,Sky Mobile,MVNO,200446,1.93,71711,16.76,2.49
1001,2026-01-01,2026-01,North West,Vodafone UK,MNO,1302025,32.6,11608,21.27,2.36
1002,2026-01-01,2026-01,North West,EE,MNO,1000161,19.67,-359,24.1,2.44
1003,2026-01-01,2026-01,North West,Three UK,MNO,1515056,12.5,58975,26.07,1.03
1004,2026-01-01,2026-01,North West,O2 UK,MNO,1141585,18.6,85321,24.93,2.02
1005,2026-01-01,2026-01,North West,SnowTelco,MNO,227472,5.24,86541,23.97,1.78
1006,2026-01-01,2026-01,North West,Tesco Mobile,MVNO,114348,1.43,44624,12.31,2.21
1007,2026-01-01,2026-01,North West,giffgaff,MVNO,66547,1.23,-32101,12.43,2.47
1008,2026-01-01,2026-01,North West,Sky Mobile,MVNO,278310,1.89,-33613,13.37,1.35
1009,2026-01-01,2026-01,North East,Vodafone UK,MNO,2396260,18.92,4628,27.58,1.11
1010,2026-01-01,2026-01,North East,EE,MNO,1752550,30.11,16199,23.17,2.05
1011,2026-01-01,2026-01,North East,Three UK,MNO,1028996,14.58,77205,25.43,2.3
1012,2026-01-01,2026-01,North East,O2 UK,MNO,3289844,22.41,68940,26.1,1.39
1013,2026-01-01,2026-01,North East,SnowTelco,MNO,194708,5.11,4275,26.36,1.11
1014,2026-01-01,2026-01,North East,Tesco Mobile,MVNO,196177,2.15,-48330,17.5,2.21
1015,2026-01-01,2026-01,North East,giffgaff,MVNO,169884,1.76,41989,13.55,2.04
1016,2026-01-01,2026-01,North East,Sky Mobile,MVNO,154733,1.54,58407,13.29,2.3
1017,2026-01-01,2026-01,Scotland,Vodafone UK,MNO,668232,19.0,-21540,19.05,2.4
1018,2026-01-01,2026-01,Scotland,EE,MNO,3021118,31.16,58079,27.27,1.23
1019,2026-01-01,2026-01,Scotland,Three UK,MNO,1000129,17.13,63578,22.48,2.24
1020,2026-01-01,2026-01,Scotland,O2 UK,MNO,1316934,24.67,80379,27.96,2.22
1021,2026-01-01,2026-01,Scotland,SnowTelco,MNO,447039,4.89,54698,24.59,1.64
1022,2026-01-01,2026-01,Scotland,Tesco Mobile,MVNO,146237,2.13,32471,13.13,2.01
1023,2026-01-01,2026-01,Scotland,giffgaff,MVNO,174583,1.8,42976,13.59,2.02
1024,2026-01-01,2026-01,Scotland,Sky Mobile,MVNO,85121,1.76,23003,16.03,2.46
1025,2026-01-01,2026-01,Wales,Vodafone UK,MNO,2787803,23.26,73570,20.99,1.99
1026,2026-01-01,2026-01,Wales,EE,MNO,3592037,25.85,33674,20.47,1.17
1027,2026-01-01,2026-01,Wales,Three UK,MNO,450173,14.44,8982,20.43,1.17
1028,2026-01-01,2026-01,Wales,O2 UK,MNO,3029361,27.06,-19077,25.41,1.87
1029,2026-01-01,2026-01,Wales,SnowTelco,MNO,293277,4.26,87293,27.36,2.2
1030,2026-01-01,2026-01,Wales,Tesco Mobile,MVNO,65055,1.8,16869,17.64,1.54
1031,2026-01-01,2026-01,Wales,giffgaff,MVNO,125914,1.53,87447,16.13,1.95
1032,2026-01-01,2026-01,Wales,Sky Mobile,MVNO,153170,1.1,26434,16.63,1.48
1033,2026-01-01,2026-01,Northern Ireland,Vodafone UK,MNO,2974286,30.07,83998,20.54,2.04
1034,2026-01-01,2026-01,Northern Ireland,EE,MNO,1537511,31.92,-17548,25.41,2.35
1035,2026-01-01,2026-01,Northern Ireland,Three UK,MNO,1348918,13.75,78137,26.01,2.18
1036,2026-01-01,2026-01,Northern Ireland,O2 UK,MNO,756572,22.37,33138,26.48,1.05
1037,2026-01-01,2026-01,Northern Ireland,SnowTelco,MNO,148641,4.65,48771,23.94,2.32
1038,2026-01-01,2026-01,Northern Ireland,Tesco Mobile,MVNO,139511,1.5,49602,12.6,1.72
1039,2026-01-01,2026-01,Northern Ireland,giffgaff,MVNO,102281,1.32,7505,16.85,2.4
1040,2026-01-01,2026-01,Northern Ireland,Sky Mobile,MVNO,217236,1.75,79605,15.59,1.42
