unbilled_id,subscriber_key,usage_date,usage_type,usage_quantity,estimated_revenue,reason_unbilled,created_date
3d5dc020-4606-4dea-a3ef-698ee6bd2523,15870,2026-02-02,Premium Services,43.77,48.08,System Timeout,2026-01-29 15:27:35
d8637d5c-879f-4e06-8805-5359b607eaae,20298,2026-02-15,MMS Messages,18.64,53.59,Integration Lag,2026-01-29 15:27:35
5e9c7b30-a8d1-4ce9-8084-2232ff7d8b93,27058,2026-02-07,Value Added Services,32.68,6.56,Integration Lag,2026-01-29 15:27:35
a7aa6905-7bb6-4e68-a3d7-0981b23dacbd,21117,2026-02-18,Data Overage,21.0,42.78,Rating Error,2026-01-29 15:27:35
ca0b3109-3e3b-427c-82f8-e9c418d1804b,3973,2026-02-02,MMS Messages,12.61,31.3,CDR Processing Delay,2026-01-29 15:27:35
8daf96e6-a232-4de6-8580-190fda778f94,11235,2026-02-14,Premium Services,34.06,18.36,System Timeout,2026-01-29 15:27:35
6e8f3c78-98a3-4d37-8c26-c78c628c1ae7,7811,2026-02-24,MMS Messages,18.31,72.28,CDR Processing Delay,2026-01-29 15:27:35
bbe9da7c-0382-4424-9215-be9808b01cf0,27142,2026-02-04,MMS Messages,8.06,21.7,Rating Error,2026-01-29 15:27:35
4846714c-9802-45f1-ba02-8270ee84d8ed,5160,2026-02-03,Data Overage,42.16,51.6,Rating Error,2026-01-29 15:27:35
9a8ae40b-39e0-476b-8e27-a88a15e6e285,24799,2026-02-03,International Calls,6.07,92.63,Integration Lag,2026-01-29 15:27:35
73088068-7601-4f12-a3f0-2a169faef275,20236,2026-02-08,Data Overage,18.51,42.12,CDR Processing Delay,2026-01-29 15:27:35
a4357f0d-c653-42b9-babf-bfd6c1f6a8a8,7666,2026-02-21,MMS Messages,12.55,62.45,System Timeout,2026-01-29 15:27:35
df811c37-c59a-4096-9458-77c6b2901b7a,22159,2026-02-18,Roaming Charges,15.26,37.36,Mediation Delay,2026-01-29 15:27:35
d327b1d2-017a-4be5-9d9d-9a6734748b09,17320,2026-02-20,Value Added Services,14.65,15.9,Mediation Delay,2026-01-29 15:27:35
4b38000d-7e01-4270-8334-485e80a3d8bc,8282,2026-02-15,International Calls,5.99,28.99,System Timeout,2026-01-29 15:27:35
14442235-3043-42b4-9de5-58a45369a609,6216,2026-02-14,International Calls,4.18,8.06,Mediation Delay,2026-01-29 15:27:35
56d009f8-d91d-4bdb-bd47-9ebcb9ee217b,14945,2026-02-25,Value Added Services,9.5,72.14,Integration Lag,2026-01-29 15:27:35
83791be7-be79-41bd-acae-8e71f832445b,27813,2026-02-24,Value Added Services,28.54,69.96,CDR Processing Delay,2026-01-29 15:27:35
428409fe-9227-4dd5-8988-fd66be4bc47e,19955,2026-01-30,MMS Messages,37.19,76.23,Rating Error,2026-01-29 15:27:35
e3f4b4c6-3747-4866-8b82-826c8d524282,7992,2026-02-27,Data Overage,47.27,50.82,CDR Processing Delay,2026-01-29 15:27:35
26ab60fb-7e44-4346-ad0d-15e98b6124af,4532,2026-02-12,Value Added Services,43.78,48.78,CDR Processing Delay,2026-01-29 15:27:35
725350e8-9476-4da3-bdfd-298d9d53f95d,6652,2026-02-27,International Calls,41.55,42.15,Integration Lag,2026-01-29 15:27:35
aef61b7d-e0b5-449e-8a2a-b3317f0997f4,27824,2026-01-30,Premium Services,18.33,47.08,Integration Lag,2026-01-29 15:27:35
b805b017-9787-44e9-97e6-14caefa1b40f,13219,2026-02-16,Premium Services,38.38,6.13,Mediation Delay,2026-01-29 15:27:35
498f4b58-766f-4e4c-8860-f8b112984b8a,22377,2026-02-25,Premium Services,2.84,98.15,Integration Lag,2026-01-29 15:27:35
84c5c80e-1bbd-4563-bdaa-2d95ebb0b801,9945,2026-02-23,Data Overage,2.19,10.17,Rating Error,2026-01-29 15:27:35
a3bd3ac2-ba52-48ff-b5f0-43cb564454fd,21576,2026-02-01,MMS Messages,2.58,58.2,Rating Error,2026-01-29 15:27:35
f4bf907c-d41f-407a-98b0-a6136e702c9e,15715,2026-02-22,Premium Services,23.48,34.89,Rating Error,2026-01-29 15:27:35
341ed487-503f-49e0-81d6-6869b0a9129a,22369,2026-02-14,International Calls,49.17,88.11,System Timeout,2026-01-29 15:27:35
8148e1dd-c3f9-4c96-abb6-05512e85ce4a,15737,2026-02-09,Data Overage,38.88,67.5,Rating Error,2026-01-29 15:27:35
9e629258-accb-4a33-bd64-17f9be74399d,1536,2026-02-23,Premium Services,3.24,95.85,Integration Lag,2026-01-29 15:27:35
a7ecf56f-7f71-41f2-b657-d670798f5e82,3351,2026-02-12,Roaming Charges,15.55,64.96,Rating Error,2026-01-29 15:27:35
994beee6-303a-4fe7-8712-ed401d7946b1,24014,2026-02-26,Data Overage,22.96,8.07,CDR Processing Delay,2026-01-29 15:27:35
32b5f650-5ed5-492e-9864-9dfc28036015,10812,2026-02-04,Roaming Charges,6.31,6.27,Rating Error,2026-01-29 15:27:35
8ff50aba-389e-4140-a355-2efaf073b5bf,13146,2026-02-02,Data Overage,34.87,40.45,Rating Error,2026-01-29 15:27:35
c6d6d683-9864-46ae-b2fb-92b25adc9db6,8129,2026-02-17,Premium Services,20.24,45.87,Rating Error,2026-01-29 15:27:35
a2eec047-4161-47c9-adc9-c8effcf98851,9938,2026-02-03,International Calls,16.02,61.04,CDR Processing Delay,2026-01-29 15:27:35
0c8b2abf-d6d4-45f5-869b-7aa52f8b725e,9611,2026-02-16,Premium Services,37.76,76.77,Integration Lag,2026-01-29 15:27:35
880a039d-4c60-45a2-acc1-7cfb5b545c4f,14005,2026-02-16,International Calls,31.65,31.4,Mediation Delay,2026-01-29 15:27:35
d899585a-f559-4541-9a2b-a7b6d1fae9c3,27064,2026-02-17,Value Added Services,22.23,85.32,Integration Lag,2026-01-29 15:27:35
d60b035c-3491-4e42-9de7-c06ceff7910f,12137,2026-01-31,Roaming Charges,33.89,49.29,System Timeout,2026-01-29 15:27:35
321f0bc8-5718-432b-842c-5f38dccc45d0,18483,2026-02-16,Value Added Services,17.43,13.03,Rating Error,2026-01-29 15:27:35
8f8a2a52-62a9-448a-af77-1dba9a3ebb02,20802,2026-02-15,International Calls,12.43,91.93,Mediation Delay,2026-01-29 15:27:35
7a094760-ec89-43fb-9a35-019c1df9d679,17387,2026-02-14,Value Added Services,7.54,27.43,System Timeout,2026-01-29 15:27:35
3abda8be-7071-4c62-8105-c15d8b95c2f1,11439,2026-02-11,MMS Messages,43.57,52.74,Rating Error,2026-01-29 15:27:35
c5587992-d662-4eb9-a945-56d84790c572,14503,2026-02-15,Data Overage,1.38,22.12,CDR Processing Delay,2026-01-29 15:27:35
3aa8335a-1583-4c66-b7ed-c6ca45c50f60,27452,2026-01-30,International Calls,35.9,67.77,System Timeout,2026-01-29 15:27:35
a3d1b322-fa7e-4706-badb-773b0b84a1a3,5928,2026-02-06,International Calls,1.12,69.25,System Timeout,2026-01-29 15:27:35
b75cd75c-ae7b-477e-9e5c-6208714350dd,20286,2026-01-30,Premium Services,16.44,98.26,Rating Error,2026-01-29 15:27:35
d3bc88c2-d71f-4fc3-999f-a2d195dc154d,12468,2026-02-08,Value Added Services,20.51,71.54,System Timeout,2026-01-29 15:27:35
92926e23-89f6-4694-87e2-0b998f35befa,26025,2026-02-07,MMS Messages,26.47,93.62,Integration Lag,2026-01-29 15:27:35
d3d89a93-b02a-4898-8330-655f38ff8313,3357,2026-02-06,International Calls,19.36,40.69,CDR Processing Delay,2026-01-29 15:27:35
9e06599b-ecf9-4201-b652-ce6f83bb0806,7858,2026-02-16,International Calls,35.6,49.04,Integration Lag,2026-01-29 15:27:35
4ea06c2c-79b9-4f1e-8790-0173ea0d9910,4917,2026-02-17,Data Overage,12.25,26.9,Integration Lag,2026-01-29 15:27:35
4d84ff7d-8e68-4ffb-8e0c-d8ecdf13190a,27719,2026-02-19,Roaming Charges,6.17,97.13,Integration Lag,2026-01-29 15:27:35
04d1821d-86d4-445c-8178-5db6f77a774b,16014,2026-02-19,Roaming Charges,45.55,61.33,Rating Error,2026-01-29 15:27:35
b64fc947-d173-4bea-9297-6872e9a7f2b8,19328,2026-01-29,Roaming Charges,48.17,95.47,CDR Processing Delay,2026-01-29 15:27:35
cc7131c2-ea0e-4d51-a74a-fff46f8a4094,1755,2026-02-18,Value Added Services,45.46,31.27,CDR Processing Delay,2026-01-29 15:27:35
6548535c-a020-4758-b362-520ebb7a15ba,3999,2026-02-07,Premium Services,35.35,34.17,CDR Processing Delay,2026-01-29 15:27:35
e998825f-8fbe-4fb7-ace5-b465c5ee3a00,211,2026-02-05,Value Added Services,36.02,71.98,Integration Lag,2026-01-29 15:27:35
57229fa0-00f5-4289-8bba-0cf056722bdf,14187,2026-02-07,Value Added Services,31.54,99.07,CDR Processing Delay,2026-01-29 15:27:35
aa41e37b-c9a9-4f93-a833-f50c6df8b733,29675,2026-02-02,International Calls,17.06,61.83,Mediation Delay,2026-01-29 15:27:35
dccfec21-c0e5-4fda-aec1-7ca8cab6a60c,29500,2026-02-04,International Calls,12.27,18.71,Mediation Delay,2026-01-29 15:27:35
cfce5013-4b5f-42d9-ae18-d868859cea21,11428,2026-02-11,Value Added Services,25.26,92.06,System Timeout,2026-01-29 15:27:35
ad9ca6b9-bb22-4150-bdf3-e2b774b136aa,29440,2026-02-22,Roaming Charges,17.6,27.48,System Timeout,2026-01-29 15:27:35
19b944cf-08e7-421b-9ffb-c1599fb8fdf2,21446,2026-02-05,Roaming Charges,25.72,62.23,System Timeout,2026-01-29 15:27:35
0c4f11cf-9df1-4aa9-b833-61d86b8d8332,29170,2026-02-07,International Calls,22.72,11.17,Mediation Delay,2026-01-29 15:27:35
39c0d182-0f05-47cd-b211-f7c690807d6b,15993,2026-02-13,MMS Messages,46.89,31.41,CDR Processing Delay,2026-01-29 15:27:35
e798f46e-1e9c-4a07-9cb1-7c5d1ac75130,24119,2026-01-30,Roaming Charges,28.53,67.02,Rating Error,2026-01-29 15:27:35
2f226e61-4374-4216-87af-113806192986,29981,2026-02-19,International Calls,36.11,97.42,Integration Lag,2026-01-29 15:27:35
54c1fc88-ed26-48dc-a5f0-fe6d44f3361d,4836,2026-02-13,International Calls,47.18,6.8,System Timeout,2026-01-29 15:27:35
694eb672-113c-431f-929b-bc6b6fde622e,5748,2026-02-10,Premium Services,39.21,78.44,CDR Processing Delay,2026-01-29 15:27:35
b5329e39-3841-4cd0-a685-8c3e27b1bf29,20721,2026-02-21,Roaming Charges,6.07,53.04,Mediation Delay,2026-01-29 15:27:35
037ef62f-d6c6-4528-9769-a8a7002749cd,16999,2026-02-25,Value Added Services,40.19,24.35,Rating Error,2026-01-29 15:27:35
8ac1a46f-b708-40ac-b756-505a4b7297b0,2852,2026-02-27,Roaming Charges,13.24,14.73,System Timeout,2026-01-29 15:27:35
050de809-2210-4a4e-82bf-4832f30321a0,25320,2026-02-06,Data Overage,28.99,61.2,Mediation Delay,2026-01-29 15:27:35
0a41e971-7aaa-4346-8f25-62f04132d82d,26430,2026-02-21,Data Overage,18.86,60.27,System Timeout,2026-01-29 15:27:35
b9c11cae-658d-403f-bfbc-82b080c2111a,8035,2026-02-06,Data Overage,11.82,43.05,Rating Error,2026-01-29 15:27:35
5de3022e-52cf-47f6-89e4-6f04f94f1370,20862,2026-02-26,International Calls,49.03,15.42,Integration Lag,2026-01-29 15:27:35
5a9b93d3-a100-4de9-9a10-135eec8acca7,8134,2026-02-16,International Calls,29.21,96.47,System Timeout,2026-01-29 15:27:35
50509624-1a40-4fe2-b695-92f015eabfaf,7872,2026-02-15,International Calls,2.25,73.1,CDR Processing Delay,2026-01-29 15:27:35
dd4457c8-8380-48ac-b9d7-74c6d02c0221,27320,2026-02-15,Value Added Services,47.04,82.63,Integration Lag,2026-01-29 15:27:35
6cc8cdcc-e3f5-4fb1-bc42-3b1d05087c23,5710,2026-02-08,Premium Services,41.3,86.44,Integration Lag,2026-01-29 15:27:35
b2b85e17-b0e2-498a-99b3-7422a1a622c0,26667,2026-02-03,Premium Services,2.31,7.97,CDR Processing Delay,2026-01-29 15:27:35
129ec4aa-689b-4f5f-97e5-97f6af91b7c4,5430,2026-02-16,MMS Messages,35.32,71.74,System Timeout,2026-01-29 15:27:35
d8172004-7f46-471e-a1e6-e50266a5299d,17276,2026-02-05,Premium Services,47.67,49.62,System Timeout,2026-01-29 15:27:35
de33d76e-2122-45cf-b0d0-da3fa2b303fd,4138,2026-02-11,MMS Messages,19.48,45.59,CDR Processing Delay,2026-01-29 15:27:35
bdea596f-94e3-42e6-9189-52eac14b759a,8208,2026-02-25,MMS Messages,5.87,54.01,Integration Lag,2026-01-29 15:27:35
534de5b0-ec8a-4929-a7b8-5f415ed580a3,20346,2026-02-05,Premium Services,2.07,95.85,Mediation Delay,2026-01-29 15:27:35
bfc2aba7-6df9-46a6-a598-9f453a5986de,8072,2026-02-05,Data Overage,44.01,97.19,System Timeout,2026-01-29 15:27:35
99e80580-447a-48de-b56f-987751fd98c1,15500,2026-02-15,Value Added Services,32.61,60.59,Integration Lag,2026-01-29 15:27:35
b1ac9504-2a25-4b6e-a0f1-828a6a16af91,28197,2026-02-13,International Calls,41.56,25.86,Rating Error,2026-01-29 15:27:35
e288ec1c-9064-4c40-87fb-2ee601678db5,26043,2026-02-04,Premium Services,6.05,88.76,Integration Lag,2026-01-29 15:27:35
e75323e1-3083-4e24-951f-0e6470efc1ab,586,2026-02-06,International Calls,15.1,84.85,System Timeout,2026-01-29 15:27:35
a84e6eb4-726b-448a-ab6c-4c545616ce03,28966,2026-02-05,International Calls,43.1,87.26,Rating Error,2026-01-29 15:27:35
0be6eee3-9885-41c2-a11b-aca32b01634c,20077,2026-02-01,MMS Messages,29.98,94.63,Mediation Delay,2026-01-29 15:27:35
9fc6aefb-aaf5-4fe1-a13a-f7069694db5c,9903,2026-02-14,International Calls,14.48,96.79,System Timeout,2026-01-29 15:27:35
575ae79f-0799-48e1-844c-4d9085e75689,28796,2026-02-10,International Calls,31.88,77.85,Mediation Delay,2026-01-29 15:27:35
99bad25b-12e5-411a-bc60-fecbadfe093c,11350,2026-02-11,International Calls,35.55,99.05,Integration Lag,2026-01-29 15:27:35
7b07bb13-382c-4990-adb5-e660c1a69c55,14394,2026-02-19,International Calls,29.67,54.02,Integration Lag,2026-01-29 15:27:35
fe197872-1ef5-41cc-90ef-3eb501a1e175,23195,2026-02-13,MMS Messages,2.8,40.3,Mediation Delay,2026-01-29 15:27:35
4781a47d-ca67-4ed4-8a88-b6dd1cde4836,26068,2026-02-26,Data Overage,39.95,95.38,CDR Processing Delay,2026-01-29 15:27:35
094df620-d00a-48a8-b834-aafe68620ccc,25001,2026-02-03,MMS Messages,9.79,57.54,Integration Lag,2026-01-29 15:27:35
2afd959b-d061-4b4f-8f36-d2c6fc25635c,5238,2026-02-24,Roaming Charges,7.97,27.74,System Timeout,2026-01-29 15:27:35
502f7d5c-0c33-49a3-93fa-060e75b6eb28,11965,2026-02-03,Roaming Charges,22.97,8.84,System Timeout,2026-01-29 15:27:35
3eb3ab70-f0fe-4cd2-8446-d6b802862aeb,17635,2026-02-25,Value Added Services,3.7,50.97,Rating Error,2026-01-29 15:27:35
051f16c5-e30d-4617-99a9-0b60791e2ce7,20860,2026-02-07,MMS Messages,27.46,96.47,System Timeout,2026-01-29 15:27:35
123b960c-04e6-44db-b17c-4bb5d41b970f,17279,2026-02-16,Value Added Services,33.66,17.34,System Timeout,2026-01-29 15:27:35
c8e7d35b-8282-4e57-a6b4-68d3035637e3,3100,2026-02-22,International Calls,44.32,99.75,CDR Processing Delay,2026-01-29 15:27:35
3989cf24-1bc1-4eaf-b713-f30766230ae8,7850,2026-02-19,Premium Services,38.61,44.92,CDR Processing Delay,2026-01-29 15:27:35
456bf917-aaf3-4e48-86f1-b625725dfda0,7123,2026-02-17,Data Overage,13.18,86.22,Integration Lag,2026-01-29 15:27:35
fadff114-3703-4250-80c4-1e541efaca99,23419,2026-02-10,International Calls,30.65,12.49,CDR Processing Delay,2026-01-29 15:27:35
c62a21ff-3b89-44f1-9d33-703edd10d667,11672,2026-02-13,Value Added Services,41.74,42.1,CDR Processing Delay,2026-01-29 15:27:35
d70fba1d-32d2-4a91-abb4-1bacdc2c4aa1,29236,2026-02-01,MMS Messages,23.48,85.73,CDR Processing Delay,2026-01-29 15:27:35
e4f49d4a-1cf3-4957-9109-7bd4d52547f2,13509,2026-02-14,Premium Services,44.95,51.97,Integration Lag,2026-01-29 15:27:35
61b1fd8e-cc55-48f7-a3c9-9c1b13e22908,26703,2026-02-22,MMS Messages,32.62,47.66,Integration Lag,2026-01-29 15:27:35
94df544d-4989-4cee-830b-3b2f86ce78e4,1290,2026-01-30,Value Added Services,30.63,6.04,System Timeout,2026-01-29 15:27:35
b72abe39-b4c9-4a82-b275-4df999265e10,5505,2026-02-27,Premium Services,11.42,22.91,Rating Error,2026-01-29 15:27:35
fb36a872-474e-4a9e-b6de-5764ec18061f,29264,2026-02-08,Data Overage,16.58,89.5,System Timeout,2026-01-29 15:27:35
573c3729-8dfb-45b5-986d-c798c8f89587,18192,2026-02-24,Data Overage,25.67,87.18,System Timeout,2026-01-29 15:27:35
a76057d2-8cc2-47f6-9bf2-9052a0188c7f,22562,2026-02-08,MMS Messages,28.55,48.29,Rating Error,2026-01-29 15:27:35
cc2f73f1-b732-47d3-a771-2fde36e549d1,788,2026-02-23,Data Overage,48.2,69.31,Mediation Delay,2026-01-29 15:27:35
d02a6668-a87d-4105-a620-ccd7cbda0ba5,5209,2026-01-29,Data Overage,39.57,39.31,Mediation Delay,2026-01-29 15:27:35
af9f808e-812e-4777-9dc0-362860e8191a,11556,2026-02-25,MMS Messages,8.57,47.7,Mediation Delay,2026-01-29 15:27:35
da52291a-8290-46b4-bbaf-039a991debae,19820,2026-02-10,International Calls,14.09,19.64,Integration Lag,2026-01-29 15:27:35
448989ac-8895-4cce-b344-c152418e59cf,17249,2026-01-29,Premium Services,46.61,57.22,Rating Error,2026-01-29 15:27:35
4da9359b-2ccd-4a76-a43d-4f77fa1bee74,5666,2026-02-20,Value Added Services,22.27,51.41,Integration Lag,2026-01-29 15:27:35
c8f755bd-a27d-473a-8920-02ec88fb3d96,17246,2026-02-18,Roaming Charges,38.89,59.76,Integration Lag,2026-01-29 15:27:35
9bbf3680-665a-4a93-9059-54d32a6f4fcd,2394,2026-02-19,Value Added Services,36.2,16.47,System Timeout,2026-01-29 15:27:35
5e36933f-0eec-4a4b-a681-dd8a406015c2,16401,2026-02-15,Data Overage,31.93,54.39,Integration Lag,2026-01-29 15:27:35
cc23efe2-34d7-4bbd-a3eb-897b765c9f2a,11459,2026-01-29,Premium Services,30.96,97.09,CDR Processing Delay,2026-01-29 15:27:35
052f2212-8460-4d14-8352-e19dd355e2ad,14274,2026-02-08,MMS Messages,25.68,47.21,CDR Processing Delay,2026-01-29 15:27:35
dba73cb3-12d1-4bcc-b07c-e4e349edb4af,12838,2026-02-06,Roaming Charges,31.91,62.16,CDR Processing Delay,2026-01-29 15:27:35
bca39d0e-e726-44f4-b208-6b0c5c4251a2,13203,2026-01-29,Premium Services,34.6,61.17,CDR Processing Delay,2026-01-29 15:27:35
c7c7b390-5f73-4fff-aac4-f0b3419d6c94,15250,2026-02-21,International Calls,14.07,14.03,CDR Processing Delay,2026-01-29 15:27:35
969e2d04-0eda-485d-9347-499317f02f6c,14064,2026-02-01,Roaming Charges,13.61,31.78,Rating Error,2026-01-29 15:27:35
dac3d8f6-84f9-4f01-9c57-85bc3e347a84,29129,2026-02-27,Data Overage,33.44,44.53,System Timeout,2026-01-29 15:27:35
8d18324a-61d2-426a-88a9-ddd2190a8447,25180,2026-02-16,Value Added Services,23.88,56.33,Mediation Delay,2026-01-29 15:27:35
caebadd6-abe1-44dd-8ae8-1def0310e1f2,11249,2026-02-21,Value Added Services,32.22,31.59,Mediation Delay,2026-01-29 15:27:35
33a87957-94ef-41ba-9e56-a2163d839de5,660,2026-02-08,Roaming Charges,28.43,67.76,CDR Processing Delay,2026-01-29 15:27:35
59572eee-a187-43aa-8ed1-0df6f423b771,23849,2026-02-08,Data Overage,19.48,9.87,Rating Error,2026-01-29 15:27:35
70046cc3-8c3f-4d88-9a67-2fa20f2ae6ba,17852,2026-02-12,Premium Services,31.0,39.15,CDR Processing Delay,2026-01-29 15:27:35
ab7c1dc3-4fb8-404d-a42e-a7ad84ef1e20,7470,2026-02-25,Value Added Services,6.15,45.22,Rating Error,2026-01-29 15:27:35
a7051e98-d858-43fe-8e32-04e7eccb9514,6035,2026-02-14,Premium Services,15.49,54.91,Rating Error,2026-01-29 15:27:35
9474e534-c14a-4cff-a135-6bf247413e40,2398,2026-02-13,Roaming Charges,11.77,61.45,System Timeout,2026-01-29 15:27:35
3b889a60-65cf-48fd-80ff-a1a8b9d38faa,29375,2026-02-26,International Calls,3.44,49.45,Integration Lag,2026-01-29 15:27:35
2547763b-59bc-4836-8766-944ca1d664ad,14770,2026-02-27,Premium Services,30.76,35.4,System Timeout,2026-01-29 15:27:35
0e391a18-3d4e-413b-af65-bc8f8a0cc740,5260,2026-02-27,Data Overage,2.15,9.77,Rating Error,2026-01-29 15:27:35
60b02012-a331-435c-8e36-a8f584e29b83,21547,2026-02-17,Roaming Charges,22.07,24.68,Rating Error,2026-01-29 15:27:35
37c6e743-4420-457c-81b7-a5e314974d9c,7548,2026-01-29,Roaming Charges,20.44,53.94,CDR Processing Delay,2026-01-29 15:27:35
1b613912-920d-4317-8df8-b2a5403cce01,19356,2026-02-11,MMS Messages,15.15,51.74,System Timeout,2026-01-29 15:27:35
1bf899b1-3e88-4d5e-9415-3ee6f42e0456,234,2026-02-20,Premium Services,40.55,43.04,Integration Lag,2026-01-29 15:27:35
1adf9716-a644-41f2-8bbe-d671a906abdc,15741,2026-02-05,Roaming Charges,46.89,52.75,CDR Processing Delay,2026-01-29 15:27:35
e470b805-e3c5-4da2-83a7-eb2870743049,3684,2026-02-04,MMS Messages,39.31,41.99,System Timeout,2026-01-29 15:27:35
c0a77e96-c505-4088-a892-0e8e40a20c47,4520,2026-02-06,Roaming Charges,44.85,72.26,Rating Error,2026-01-29 15:27:35
8f2a91da-bc69-4d2c-b121-6bb346aa7aac,11515,2026-02-08,Roaming Charges,13.75,18.88,Rating Error,2026-01-29 15:27:35
8eef0bf4-7dc9-46e2-8027-7bf24069e6c8,11564,2026-02-13,International Calls,42.79,86.8,System Timeout,2026-01-29 15:27:35
b04f6960-32d2-4336-bef3-6245ea39fe93,24017,2026-02-17,Value Added Services,43.62,82.57,System Timeout,2026-01-29 15:27:35
afefeb07-6006-451b-a5e0-f834ae101698,12313,2026-02-02,International Calls,25.2,78.53,Mediation Delay,2026-01-29 15:27:35
825fa9e7-3a71-4e3e-8271-b274db9d5fbd,2959,2026-02-12,International Calls,19.65,30.6,Rating Error,2026-01-29 15:27:35
3c4bab31-3838-4c3d-b649-368e562e16a6,17764,2026-02-26,Premium Services,2.87,55.34,Mediation Delay,2026-01-29 15:27:35
789b78ef-a605-44f4-8bc7-8c6c1b56e717,5479,2026-02-21,Data Overage,40.57,9.24,CDR Processing Delay,2026-01-29 15:27:35
80150afd-e3e0-49a4-ac17-10c582165338,1685,2026-02-27,International Calls,33.87,31.15,CDR Processing Delay,2026-01-29 15:27:35
76c598ce-5ce3-416f-9f2c-1fb4c6f3d249,14874,2026-02-24,Roaming Charges,2.0,96.06,CDR Processing Delay,2026-01-29 15:27:35
7ccb2fa8-d305-4022-b237-fed0c50e98de,15513,2026-02-14,International Calls,19.01,13.89,Rating Error,2026-01-29 15:27:35
87b7f2a1-d409-422c-a95f-355deb532cf4,27049,2026-02-13,Roaming Charges,48.15,17.62,CDR Processing Delay,2026-01-29 15:27:35
d7fa2e0b-75d3-4227-94ea-86f0212211f7,15929,2026-02-15,MMS Messages,36.06,42.43,Mediation Delay,2026-01-29 15:27:35
45c07d2f-d014-4c7a-a737-833d877c4363,21175,2026-02-06,Roaming Charges,43.85,33.01,Rating Error,2026-01-29 15:27:35
ae49bcbe-7a6b-450a-8ef5-b8324a937f48,7098,2026-02-15,MMS Messages,30.48,59.78,Mediation Delay,2026-01-29 15:27:35
d0a5ebb6-f9af-40e7-8dbb-fd8382329d44,3398,2026-02-16,Roaming Charges,13.79,65.16,System Timeout,2026-01-29 15:27:35
f2800dc7-84e9-4933-81af-4848ec972fd8,25786,2026-02-25,MMS Messages,11.18,36.47,Integration Lag,2026-01-29 15:27:35
f0292dd9-7633-431a-93ea-3ff954370fde,14799,2026-01-30,Data Overage,11.43,30.5,Integration Lag,2026-01-29 15:27:35
e2d0659e-236c-4592-984c-f6853c5aa28f,5496,2026-02-24,Premium Services,30.51,43.48,System Timeout,2026-01-29 15:27:35
af9ac5ad-3014-4adc-a867-c5a601d5eb57,29545,2026-02-24,MMS Messages,47.47,40.71,System Timeout,2026-01-29 15:27:35
ec469ec0-0c87-40b9-8710-ddaa24469951,20551,2026-02-09,Premium Services,45.81,75.08,CDR Processing Delay,2026-01-29 15:27:35
d09023d1-e4e2-4d92-b8a1-07fb4eb43084,16578,2026-02-21,Roaming Charges,34.18,43.81,Mediation Delay,2026-01-29 15:27:35
10bf6baa-73ce-480c-9e8d-cdf603545d14,23322,2026-02-02,Value Added Services,23.85,29.19,Rating Error,2026-01-29 15:27:35
d86c9217-f544-43cb-b4a8-4518df08c0c5,6870,2026-02-17,Roaming Charges,19.59,13.52,CDR Processing Delay,2026-01-29 15:27:35
2be76ed5-6b78-47c3-95b7-2427de4464ba,4300,2026-02-17,Premium Services,48.29,23.08,Mediation Delay,2026-01-29 15:27:35
78e60562-5c3a-4453-bdec-01ce0d79960e,25049,2026-02-16,Premium Services,18.21,94.75,Integration Lag,2026-01-29 15:27:35
969e83d4-817d-47b4-905e-fd052d69fec6,14998,2026-02-10,Data Overage,8.0,30.45,Integration Lag,2026-01-29 15:27:35
161dbb1f-f305-40e7-82df-22ae3e78d8bf,14551,2026-02-10,MMS Messages,6.54,16.24,CDR Processing Delay,2026-01-29 15:27:35
1b6ebb8a-5859-446a-a87a-b15184cc7c1d,21196,2026-02-26,MMS Messages,36.7,7.4,System Timeout,2026-01-29 15:27:35
773b9457-efeb-40e5-b030-83af8750a5ac,24530,2026-02-10,International Calls,38.65,40.0,CDR Processing Delay,2026-01-29 15:27:35
dae3c5f6-8977-410f-b809-7e26c78275f8,26985,2026-02-21,Value Added Services,4.1,28.87,CDR Processing Delay,2026-01-29 15:27:35
fe6a6c5b-213f-45ac-afc3-fa0cf84988c8,20872,2026-02-04,Premium Services,38.94,5.27,Mediation Delay,2026-01-29 15:27:35
498e74ab-781e-4a2f-ae17-87c8238f2654,10068,2026-02-19,Data Overage,11.81,7.43,Mediation Delay,2026-01-29 15:27:35
27265008-4ffc-405d-b3d2-27860b6a57e3,3867,2026-02-08,Data Overage,38.93,35.5,Rating Error,2026-01-29 15:27:35
ef6f0f34-b958-4eae-ba20-a1341eaf3c7f,10285,2026-01-29,International Calls,24.1,14.5,CDR Processing Delay,2026-01-29 15:27:35
8c4e6706-cb04-44f4-92a6-b5171d7e2428,14651,2026-01-29,Value Added Services,44.0,94.13,Rating Error,2026-01-29 15:27:35
b0e5eca9-e96f-4a43-9d9c-5f9c243b5ee0,18566,2026-02-18,Data Overage,34.3,43.11,Integration Lag,2026-01-29 15:27:35
d25dcd01-6c91-4669-b5d8-ecca8a78b57b,18060,2026-02-17,MMS Messages,45.63,42.84,CDR Processing Delay,2026-01-29 15:27:35
980413ca-9fb0-43da-8a2c-9524dc71e73a,6247,2026-02-20,MMS Messages,13.04,78.92,System Timeout,2026-01-29 15:27:35
91bff857-d4f9-4665-b6ea-7e437345f0bb,18538,2026-02-10,MMS Messages,23.6,78.98,Integration Lag,2026-01-29 15:27:35
e20883ba-d624-4af0-818a-d2089b5bb923,14515,2026-02-21,Data Overage,47.45,79.58,System Timeout,2026-01-29 15:27:35
ec423b67-4438-413c-8654-5e5110470f98,18547,2026-02-12,Roaming Charges,7.09,52.31,Mediation Delay,2026-01-29 15:27:35
aa244c9b-db6c-42e8-9fa1-c3e6a753636c,16139,2026-02-04,Premium Services,27.52,68.14,System Timeout,2026-01-29 15:27:35
2723aecb-cf78-4af1-b9c6-1ca5264616dd,28308,2026-01-30,International Calls,39.64,50.4,Mediation Delay,2026-01-29 15:27:35
2ed0c7e1-6c6e-4541-9c91-8fc3177a7e19,23799,2026-02-22,Premium Services,28.95,36.56,Integration Lag,2026-01-29 15:27:35
9a822fdd-9bd0-4fc3-8eb9-69a55086199e,29694,2026-02-21,MMS Messages,25.26,72.75,Mediation Delay,2026-01-29 15:27:35
152d35b9-663e-4bdf-b6e5-67dc9a6c1108,4340,2026-02-26,Premium Services,2.71,71.94,Integration Lag,2026-01-29 15:27:35
35aeaa89-1b26-4c8a-8002-d9239b9b6372,3169,2026-02-11,International Calls,37.78,75.73,System Timeout,2026-01-29 15:27:35
21d58b01-e5a6-4144-a43e-287d809928db,26263,2026-01-30,Data Overage,7.41,7.6,Integration Lag,2026-01-29 15:27:35
eaa26979-83c9-4a71-b2db-edf805e7a3e0,28696,2026-02-05,Premium Services,2.38,47.77,Mediation Delay,2026-01-29 15:27:35
81c59312-c159-4ce6-9f5c-f146416f4151,28223,2026-02-04,Premium Services,47.51,85.66,System Timeout,2026-01-29 15:27:35
5b582f21-f355-4564-b14d-f42331440a1d,8147,2026-01-31,International Calls,33.89,58.09,Integration Lag,2026-01-29 15:27:35
53f2f2cf-618a-483b-add5-408cf571f886,5456,2026-01-30,Roaming Charges,41.84,28.94,System Timeout,2026-01-29 15:27:35
77cec87c-9f25-42cc-919b-ba2bf2e313a9,8497,2026-02-25,Roaming Charges,43.03,68.21,Rating Error,2026-01-29 15:27:35
70b6e275-250b-4827-95b1-ceb3cd601e15,26280,2026-02-07,Value Added Services,22.99,76.07,Rating Error,2026-01-29 15:27:35
1345cca0-ff90-4d19-ba60-0cac5edf0dfc,1830,2026-01-31,Premium Services,20.6,9.22,System Timeout,2026-01-29 15:27:35
ae6746c9-42c1-4468-a980-1ce534e4d218,10770,2026-02-10,MMS Messages,37.74,9.92,Integration Lag,2026-01-29 15:27:35
4298a810-e707-4eea-8a18-46b10692d541,2194,2026-02-19,Value Added Services,4.79,22.84,CDR Processing Delay,2026-01-29 15:27:35
1cbe6ca9-6c3a-47e6-ac64-eb71faf55d28,27379,2026-02-15,Value Added Services,38.87,18.16,System Timeout,2026-01-29 15:27:35
c48176dd-e1f5-47f3-8f86-5a1538a39b96,3547,2026-02-26,Data Overage,23.93,74.52,Rating Error,2026-01-29 15:27:35
3b45ddd7-8941-445a-b6a3-c364cfa6a243,6101,2026-02-17,MMS Messages,3.27,43.38,Rating Error,2026-01-29 15:27:35
346ecdcb-81a5-4fcd-bd4a-dbea4dc14c50,6695,2026-02-06,Premium Services,31.62,43.6,Mediation Delay,2026-01-29 15:27:35
a827ba1a-3ae2-423c-bc55-bd22bdcc69d0,28327,2026-02-27,Data Overage,7.22,29.08,Mediation Delay,2026-01-29 15:27:35
031ae3ad-a809-4226-bbef-243aa7f03ee7,20459,2026-02-16,Roaming Charges,17.58,32.07,Integration Lag,2026-01-29 15:27:35
8604aef1-aceb-404c-b9b5-ee65c9fc797d,26793,2026-02-03,Value Added Services,2.16,91.24,CDR Processing Delay,2026-01-29 15:27:35
2d7cb8d4-9f3b-41ff-b406-f9a804477f16,19254,2026-02-01,MMS Messages,32.99,52.25,Integration Lag,2026-01-29 15:27:35
8f47f5bb-f432-4b26-8cfd-e794c7bb7bc4,29713,2026-01-30,Value Added Services,48.16,89.26,Mediation Delay,2026-01-29 15:27:35
27547240-1068-45f0-871b-afd972f183be,1661,2026-02-14,Premium Services,30.46,35.32,System Timeout,2026-01-29 15:27:35
a5c209a1-0005-4973-bac2-abc53083322d,26550,2026-02-26,Premium Services,2.74,98.6,System Timeout,2026-01-29 15:27:35
67aad211-d997-493a-96b1-9f9032ccade6,11782,2026-02-08,MMS Messages,6.32,93.08,Mediation Delay,2026-01-29 15:27:35
6cf67703-1817-4e36-97b8-5103085c5672,16923,2026-02-14,Roaming Charges,25.21,89.22,Mediation Delay,2026-01-29 15:27:35
3a507b6c-eac7-402a-bd44-4d2e843a2e35,13956,2026-02-16,Data Overage,10.93,53.09,System Timeout,2026-01-29 15:27:35
604ca05c-79f5-4be9-af96-cb527f4dafd0,12563,2026-02-10,International Calls,36.89,53.01,Rating Error,2026-01-29 15:27:35
f036e27e-bde0-4c25-b6b5-0810c2fe03ff,20817,2026-02-24,Roaming Charges,32.19,45.46,CDR Processing Delay,2026-01-29 15:27:35
32055263-6f8f-4916-b9b6-c9584bf627ae,29751,2026-02-20,Data Overage,17.09,96.51,CDR Processing Delay,2026-01-29 15:27:35
a74d95e9-f43b-4124-a60f-520a13bc6230,23372,2026-02-18,Roaming Charges,31.97,16.19,System Timeout,2026-01-29 15:27:35
e51b1280-9ebc-4eac-b26a-71d3244a720f,19754,2026-02-14,Premium Services,26.52,73.12,Integration Lag,2026-01-29 15:27:35
b3c4b2a4-4774-4c9a-9411-119872b5724a,16431,2026-02-14,Value Added Services,34.28,18.61,Integration Lag,2026-01-29 15:27:35
a571c49d-ffd4-41a6-b5ad-0284b9de1f97,27363,2026-02-10,Roaming Charges,47.46,52.03,Mediation Delay,2026-01-29 15:27:35
5ca772b8-4d21-484c-89f7-80f6eb9d2fee,10920,2026-02-21,MMS Messages,19.86,61.21,System Timeout,2026-01-29 15:27:35
7cf3d649-b65e-4723-8bbf-b49277953eb9,5219,2026-02-13,Value Added Services,8.32,27.24,System Timeout,2026-01-29 15:27:35
9835f115-31ee-4934-81a2-915a87c93b67,8331,2026-02-24,International Calls,3.86,89.97,Rating Error,2026-01-29 15:27:35
2e2b855a-3d79-4de0-b89a-b2102e3db8d5,12082,2026-02-22,Premium Services,9.97,73.4,System Timeout,2026-01-29 15:27:35
c693e93f-5511-41f2-a378-c9499a6e0f9a,10337,2026-02-07,Value Added Services,35.79,20.01,Mediation Delay,2026-01-29 15:27:35
086cb240-3449-48ba-9eee-d3d020edb621,2494,2026-02-13,International Calls,21.04,49.0,Rating Error,2026-01-29 15:27:35
805d9866-458e-4ab1-94b6-198c500e2962,2024,2026-02-24,Data Overage,35.67,40.88,System Timeout,2026-01-29 15:27:35
921db282-85ab-4768-93a2-dd5a7933e8d1,4823,2026-02-10,MMS Messages,42.32,95.81,System Timeout,2026-01-29 15:27:35
a77009f0-4858-493c-94d1-269683b53828,8267,2026-01-29,Roaming Charges,43.86,77.46,System Timeout,2026-01-29 15:27:35
52815284-5312-4688-b241-c88d9c429776,4646,2026-02-11,International Calls,46.36,34.43,Mediation Delay,2026-01-29 15:27:35
067496af-0b78-4b25-8f2a-ff1ddc99a7c2,10793,2026-02-06,Premium Services,42.86,56.1,CDR Processing Delay,2026-01-29 15:27:35
d43a4f45-e9d6-4098-8440-0dbbf65ba4bb,23754,2026-02-03,Premium Services,32.56,20.74,System Timeout,2026-01-29 15:27:35
27a066cd-a475-4324-9025-ec3b6e7277b4,23749,2026-02-18,Premium Services,46.48,10.06,Integration Lag,2026-01-29 15:27:35
89df869a-9309-46c6-8f27-5865adc0b55d,4271,2026-02-01,Roaming Charges,12.52,46.09,System Timeout,2026-01-29 15:27:35
b616c609-0907-421a-a832-54276808859b,18374,2026-01-31,Roaming Charges,1.82,40.02,Integration Lag,2026-01-29 15:27:35
75f89dba-c75f-4d04-b1d5-484dbcb21cd3,11714,2026-02-02,Premium Services,29.27,11.26,Integration Lag,2026-01-29 15:27:35
90e99b0c-b544-4cac-9f19-ebcbd3ac876c,1243,2026-02-09,Roaming Charges,38.65,19.35,CDR Processing Delay,2026-01-29 15:27:35
cf860040-7ca9-4d29-99ac-11465258fdf2,2830,2026-02-10,MMS Messages,22.66,5.69,Mediation Delay,2026-01-29 15:27:35
39f434d7-4374-46c5-b31a-21e465a884c3,9028,2026-02-03,Premium Services,21.43,43.9,Rating Error,2026-01-29 15:27:35
064d31b8-bf5f-459c-b504-044f493140e1,16920,2026-02-01,MMS Messages,31.31,39.13,CDR Processing Delay,2026-01-29 15:27:35
b12bcdee-b0c5-4fdf-8063-1e452c8d6dca,9118,2026-02-09,MMS Messages,26.0,65.52,CDR Processing Delay,2026-01-29 15:27:35
7aab8e77-2bb8-4aa2-824f-2db8bbc3748c,7500,2026-02-20,MMS Messages,43.64,68.93,Mediation Delay,2026-01-29 15:27:35
e2e14274-d72a-40d5-9bca-c0dfc398fb5b,270,2026-02-09,International Calls,13.05,37.01,Mediation Delay,2026-01-29 15:27:35
e8100016-4efb-4974-b635-5f197cd56576,9222,2026-02-10,International Calls,28.46,77.28,System Timeout,2026-01-29 15:27:35
d772044b-41ee-41dd-b7b8-bd0dcf678700,15788,2026-02-26,Premium Services,35.35,54.8,System Timeout,2026-01-29 15:27:35
7f2e0255-2493-4c3c-a275-7fb6aecd7b0b,5311,2026-02-19,Value Added Services,14.75,55.84,CDR Processing Delay,2026-01-29 15:27:35
415592d9-e5bd-44bc-a32f-8da4a2242bab,23309,2026-02-06,Data Overage,39.04,30.12,Mediation Delay,2026-01-29 15:27:35
303d60a8-d428-4bc6-aa82-4cbdf1b536fc,7779,2026-02-05,MMS Messages,19.91,71.86,Rating Error,2026-01-29 15:27:35
2cafb616-d464-4397-9962-ceab599a457d,22587,2026-02-04,Premium Services,29.9,47.97,Rating Error,2026-01-29 15:27:35
3aa8696b-9848-4525-aebc-2c495c2445b2,2609,2026-02-23,Roaming Charges,15.09,44.36,Mediation Delay,2026-01-29 15:27:35
ae8f7329-7d14-4fb0-b0a9-aefbf6c7a3fc,28409,2026-02-23,Value Added Services,39.0,7.93,Mediation Delay,2026-01-29 15:27:35
a2123148-8289-4283-b0c6-d9a84782cfdb,28027,2026-02-21,MMS Messages,17.38,85.01,Integration Lag,2026-01-29 15:27:35
43019000-c335-4ba9-9bf4-7c37de8bd794,1308,2026-02-04,Premium Services,6.04,68.26,CDR Processing Delay,2026-01-29 15:27:35
7cb216a2-cdca-47fa-bec6-2584dde406a2,4367,2026-01-29,Roaming Charges,48.54,64.01,System Timeout,2026-01-29 15:27:35
9b0607d8-c90f-42a8-9887-a7551b3ef482,29961,2026-02-02,Premium Services,33.95,81.69,Rating Error,2026-01-29 15:27:35
f54e7691-c52e-4662-ab91-cdbd5ec22b33,8601,2026-02-04,Roaming Charges,32.38,15.58,Mediation Delay,2026-01-29 15:27:35
288163c0-c8aa-41eb-a45c-a855a1d83219,18316,2026-02-25,Data Overage,43.4,82.99,Mediation Delay,2026-01-29 15:27:35
d9107dd7-5daf-4df5-8f94-9bfc0647277f,5787,2026-02-05,Data Overage,27.56,31.26,CDR Processing Delay,2026-01-29 15:27:35
6ee761cc-4468-4b50-852a-d7e221fa4a62,26734,2026-02-07,MMS Messages,31.77,73.33,Integration Lag,2026-01-29 15:27:35
40374a29-cd54-4f88-bad5-d62ea95df275,28406,2026-02-18,Value Added Services,5.54,32.98,Mediation Delay,2026-01-29 15:27:35
c55a44f9-feeb-4db6-918a-a1fae26fc3f6,4358,2026-02-22,Roaming Charges,15.84,12.4,CDR Processing Delay,2026-01-29 15:27:35
2324abb4-348f-4faf-abb5-acfff2787e3c,2270,2026-02-02,Roaming Charges,30.96,70.74,Rating Error,2026-01-29 15:27:35
237b94f6-52b0-424e-b13a-9ce5896fd784,1945,2026-02-01,Roaming Charges,1.48,74.04,CDR Processing Delay,2026-01-29 15:27:35
0562c42c-d378-4dfa-8113-769f2d4c793a,7209,2026-02-17,Value Added Services,40.86,45.62,System Timeout,2026-01-29 15:27:35
afe10a3d-5dd3-41a2-ae8e-50f5dded60a3,16624,2026-02-02,International Calls,34.53,74.16,Integration Lag,2026-01-29 15:27:35
09eb0d95-5864-414c-8e87-f8b11338c5ae,15183,2026-01-30,Data Overage,24.54,91.46,CDR Processing Delay,2026-01-29 15:27:35
3cd6d6fb-72f2-4bcf-8d1b-0dee7f39323d,26218,2026-02-03,MMS Messages,38.51,14.89,Integration Lag,2026-01-29 15:27:35
bb9c5271-0545-424d-bdac-1420e0bb1262,2424,2026-02-04,Premium Services,49.44,75.74,System Timeout,2026-01-29 15:27:35
6b75107f-a28d-40fc-ac17-016737a81da8,26846,2026-01-31,Roaming Charges,40.19,22.85,Mediation Delay,2026-01-29 15:27:35
b69a4946-0e05-4769-83c2-b3b5fc2e2bad,527,2026-02-02,Data Overage,30.24,80.6,Mediation Delay,2026-01-29 15:27:35
70873398-5f00-4a5d-ad49-ae62be355b1e,10469,2026-02-07,Roaming Charges,44.73,14.6,CDR Processing Delay,2026-01-29 15:27:35
ecaa287c-66de-4fe0-9ee5-ba55cefab96b,25890,2026-01-30,International Calls,21.66,35.16,Integration Lag,2026-01-29 15:27:35
66024081-5983-46cb-a58d-e64e1ade9c62,15197,2026-02-06,International Calls,24.69,28.51,Integration Lag,2026-01-29 15:27:35
8f3a8ad9-c3b6-44c4-9d72-328ddcbe1e0e,13139,2026-02-18,International Calls,2.61,70.76,Integration Lag,2026-01-29 15:27:35
85efe628-1567-4c25-849f-7eaae8f9c610,22849,2026-02-09,MMS Messages,39.47,60.82,CDR Processing Delay,2026-01-29 15:27:35
34ed93c4-4f7a-4dbf-a5ae-44abc8fe77a6,26419,2026-02-27,MMS Messages,20.78,86.74,Rating Error,2026-01-29 15:27:35
aa27c288-cec7-4456-8cec-109e039db4bc,26392,2026-02-26,Premium Services,23.46,39.62,Integration Lag,2026-01-29 15:27:35
62a05733-40a3-4a07-b601-50a5a873942d,13390,2026-02-04,Value Added Services,22.7,78.65,Integration Lag,2026-01-29 15:27:35
fb773852-bb41-4ecf-a700-1a384bbbe864,23991,2026-02-12,Roaming Charges,1.49,59.64,Mediation Delay,2026-01-29 15:27:35
911e29a1-c4a3-4772-ba4e-012f167cd41f,20262,2026-02-03,International Calls,39.25,8.29,System Timeout,2026-01-29 15:27:35
8da078a1-4e50-453f-9d06-ae6fa0c70892,14052,2026-02-07,International Calls,5.11,43.2,Integration Lag,2026-01-29 15:27:35
cb79cbae-e5bb-4fe0-8371-f886a70fdae2,10387,2026-02-16,Premium Services,21.5,67.65,Integration Lag,2026-01-29 15:27:35
c5a562af-3ffd-4328-8c36-8b940550af9b,9405,2026-02-19,Value Added Services,32.05,99.2,CDR Processing Delay,2026-01-29 15:27:35
20212028-4951-4350-9fe7-bac18af8df26,4037,2026-02-26,Data Overage,11.18,53.44,Rating Error,2026-01-29 15:27:35
43e0f895-a651-4af9-b6e4-151fd1a5283b,13415,2026-02-09,Premium Services,37.98,59.05,CDR Processing Delay,2026-01-29 15:27:35
52111cc4-842c-42cf-b878-dc3c4ec04126,28398,2026-02-22,Value Added Services,10.59,41.84,CDR Processing Delay,2026-01-29 15:27:35
d9ca8cee-c424-4f20-bd62-5ea695f6caea,10082,2026-01-30,Premium Services,9.51,60.42,System Timeout,2026-01-29 15:27:35
3042f2d8-3284-488f-acf3-b133eda15f4a,26167,2026-02-06,Roaming Charges,23.31,34.5,Mediation Delay,2026-01-29 15:27:35
9d1edf2a-3911-4f53-94fa-abd5e2fa113a,24509,2026-02-17,International Calls,43.24,14.43,System Timeout,2026-01-29 15:27:35
579975e1-3348-469d-b0da-fba822bdb18c,18939,2026-02-10,Premium Services,16.63,71.8,Integration Lag,2026-01-29 15:27:35
17b4c8a9-d3e8-49ab-a4d9-842cba1cfcf0,18224,2026-02-11,Data Overage,46.81,77.27,System Timeout,2026-01-29 15:27:35
0c380af7-4e04-4c70-ba04-8356c4846af7,29996,2026-02-15,Premium Services,40.87,96.4,System Timeout,2026-01-29 15:27:35
04f78c42-486f-40dd-9a2b-cb6196e4bc36,23461,2026-02-18,Roaming Charges,11.69,60.94,Rating Error,2026-01-29 15:27:35
d584fedd-e3c0-42f6-bb2a-6536c3de2781,20732,2026-02-12,Roaming Charges,36.3,92.37,Mediation Delay,2026-01-29 15:27:35
e3b01555-cc51-4751-ae73-ee5229b4a783,397,2026-02-04,International Calls,46.87,39.76,Rating Error,2026-01-29 15:27:35
f3d5afbd-4a39-4752-a58f-0d25167f3177,19464,2026-02-26,Data Overage,28.04,20.06,System Timeout,2026-01-29 15:27:35
cf827c9a-f688-43f2-b828-7cfb4877f166,28415,2026-01-31,Premium Services,27.81,32.59,Rating Error,2026-01-29 15:27:35
ac2687d0-0b43-411a-a96c-d66a2a25c312,703,2026-02-04,Data Overage,17.07,56.87,Mediation Delay,2026-01-29 15:27:35
66e9c91b-1ad9-4a5d-a2a3-e3be9309fd71,15561,2026-01-30,Premium Services,22.79,69.63,CDR Processing Delay,2026-01-29 15:27:35
574988e4-e3fd-42ca-9fe6-04e3d4906cd7,16448,2026-02-09,Roaming Charges,7.32,83.5,CDR Processing Delay,2026-01-29 15:27:35
066528f3-acf2-4949-8594-0c5ae07da26c,420,2026-02-17,Value Added Services,12.48,84.17,Rating Error,2026-01-29 15:27:35
ba0038f3-9f91-48fc-8232-a6c3dc2f1455,14322,2026-02-19,MMS Messages,16.35,73.93,Integration Lag,2026-01-29 15:27:35
32a6be2a-0a1d-4864-922c-c9f5f08e100a,4179,2026-02-23,Roaming Charges,35.43,55.14,System Timeout,2026-01-29 15:27:35
5f86a571-d201-4f1d-a49b-795b2ae4576c,10123,2026-02-19,Value Added Services,29.29,40.22,System Timeout,2026-01-29 15:27:35
5e5b03e1-98ac-4824-b169-74328d3e0ec9,26857,2026-02-27,International Calls,47.61,77.78,System Timeout,2026-01-29 15:27:35
01d2b965-405b-4cde-befc-21f65ef19dbf,21061,2026-02-07,Roaming Charges,34.48,21.55,Integration Lag,2026-01-29 15:27:35
100b8f38-0a90-4d8d-9009-e5310d94732e,26514,2026-02-21,MMS Messages,21.69,39.98,Integration Lag,2026-01-29 15:27:35
af627354-9601-40c8-bfad-8f0ae81671d9,28173,2026-02-19,Premium Services,39.47,89.12,System Timeout,2026-01-29 15:27:35
e9a6ff7f-04b8-483d-b180-043964a83f03,7052,2026-02-15,International Calls,1.75,89.21,System Timeout,2026-01-29 15:27:35
ca4e0d3c-2b8a-4ec4-aa4b-43fe666ccc95,15233,2026-02-02,Data Overage,33.8,55.18,System Timeout,2026-01-29 15:27:35
3a3b64d2-ba9b-4006-8422-28ad175646b4,15488,2026-01-29,Data Overage,47.34,79.78,Rating Error,2026-01-29 15:27:35
8105859f-5b89-4d57-9c9a-0c46b3f641f0,20192,2026-01-31,Roaming Charges,18.53,6.96,System Timeout,2026-01-29 15:27:35
d4e57c75-e0aa-445c-af03-9097c8773e47,13047,2026-02-04,Value Added Services,44.84,26.75,CDR Processing Delay,2026-01-29 15:27:35
6e8f6298-cb47-475d-b91c-e0f1fe707a7a,19805,2026-02-06,Roaming Charges,3.7,55.2,CDR Processing Delay,2026-01-29 15:27:35
1264f247-b3c6-4375-a4fa-ee27754da255,23927,2026-02-21,Premium Services,42.29,64.22,Integration Lag,2026-01-29 15:27:35
44b40ed3-bdfc-48ca-af8e-631ae1211c10,1056,2026-02-07,Value Added Services,35.31,52.19,Mediation Delay,2026-01-29 15:27:35
57ff85e9-03c8-4cff-aa6f-9b511885a9ca,20985,2026-02-01,Value Added Services,35.04,98.61,Integration Lag,2026-01-29 15:27:35
7f7b4e01-306d-4948-b970-666b74ac328e,2797,2026-02-24,Roaming Charges,1.31,42.66,Integration Lag,2026-01-29 15:27:35
24a8ebc4-be7f-440e-aef6-e568f160a68f,27396,2026-02-20,Data Overage,9.63,60.3,Mediation Delay,2026-01-29 15:27:35
87da42a2-9d58-47ba-9d13-72746cf5fe0c,19800,2026-02-05,International Calls,2.11,39.69,Mediation Delay,2026-01-29 15:27:35
84d9fe57-1f27-4736-ab70-8ee86a8df5c7,12573,2026-02-07,International Calls,25.0,25.53,Integration Lag,2026-01-29 15:27:35
4994e5ee-04b7-4194-b7f3-1aebda523bc1,22371,2026-01-31,Value Added Services,39.39,39.66,System Timeout,2026-01-29 15:27:35
c159b636-f56d-4a4d-9e10-f8ad7eb59d60,851,2026-02-25,Value Added Services,5.35,39.84,CDR Processing Delay,2026-01-29 15:27:35
21e22b28-9431-4830-9ee5-7bfaabc2dd57,17875,2026-02-20,Data Overage,27.04,17.53,Integration Lag,2026-01-29 15:27:35
71eb349e-df01-45d1-bd6a-9d6f6c50fff0,14569,2026-01-29,Value Added Services,9.65,62.48,System Timeout,2026-01-29 15:27:35
e013080b-278f-4d22-80f0-472e5e478fec,7280,2026-02-25,MMS Messages,30.92,45.13,CDR Processing Delay,2026-01-29 15:27:35
9eff469d-ebe7-40ef-905e-f19e80a2f1fb,2324,2026-01-30,MMS Messages,46.16,7.55,Mediation Delay,2026-01-29 15:27:35
c4115d75-dee4-4d35-8384-04942f050573,15253,2026-02-23,Value Added Services,14.65,56.53,CDR Processing Delay,2026-01-29 15:27:35
49a6986f-43ad-4ae0-8c66-c669b776aa98,28102,2026-02-10,Data Overage,4.15,58.22,Integration Lag,2026-01-29 15:27:35
ae72c7a6-8b40-4848-b91d-fc6b2c755714,27794,2026-01-29,Premium Services,37.7,34.27,Mediation Delay,2026-01-29 15:27:35
94f55b89-1d24-4b73-955d-9e7daba5c9ec,13517,2026-02-03,Premium Services,39.52,46.22,Rating Error,2026-01-29 15:27:35
3cfe4327-6b46-4f6f-824f-5a23747f0508,29870,2026-01-30,Value Added Services,11.99,34.04,Integration Lag,2026-01-29 15:27:35
b5abb019-64ff-4da2-88de-809d6446182c,24105,2026-02-21,MMS Messages,10.52,57.56,Mediation Delay,2026-01-29 15:27:35
e1b7c361-d627-4fe1-9a24-480b9c9c50a1,8940,2026-02-04,Value Added Services,26.21,32.32,CDR Processing Delay,2026-01-29 15:27:35
f9c0b18b-4881-4315-b51c-e9f6935109db,8341,2026-02-05,Data Overage,31.91,38.63,Rating Error,2026-01-29 15:27:35
41d1ecbb-4173-4613-bf0a-3620232be5b7,20977,2026-02-03,Data Overage,20.29,37.25,CDR Processing Delay,2026-01-29 15:27:35
8014484f-80cf-4a0a-a435-7883cdfe38ea,21400,2026-02-23,Data Overage,15.11,98.02,Integration Lag,2026-01-29 15:27:35
95380aab-1492-4b82-9146-ced5a1facfb0,1225,2026-02-22,International Calls,38.21,55.31,Integration Lag,2026-01-29 15:27:35
43651114-5de0-4825-91e0-358bd737f126,15293,2026-02-25,Data Overage,38.76,57.01,Mediation Delay,2026-01-29 15:27:35
522baaa0-b4bb-4aae-ae24-f5a5f2745cda,7275,2026-01-29,Value Added Services,45.26,54.93,Rating Error,2026-01-29 15:27:35
7fa8d4aa-e790-411b-818e-d0962681e107,6203,2026-02-14,Roaming Charges,48.93,32.68,System Timeout,2026-01-29 15:27:35
69a95a5f-d412-4971-8542-6ad06f5cdd18,1613,2026-02-17,Value Added Services,13.58,45.93,System Timeout,2026-01-29 15:27:35
bb86ee0e-6d99-46b7-8ccc-32f615364e5d,19027,2026-01-30,Premium Services,26.87,54.75,CDR Processing Delay,2026-01-29 15:27:35
ae8a1123-1600-4bd9-8b8c-599f2a5ec790,9784,2026-02-16,MMS Messages,32.76,35.69,System Timeout,2026-01-29 15:27:35
66f27c88-558a-46ff-a1a8-1b70954f177f,20049,2026-02-16,MMS Messages,5.21,19.56,Integration Lag,2026-01-29 15:27:35
6729eba3-44e0-4d57-88e2-ad13feb8285d,20659,2026-02-13,Value Added Services,21.72,73.72,System Timeout,2026-01-29 15:27:35
d4375e9b-e5dd-4579-8a8e-f7e539ce9700,4645,2026-02-08,Value Added Services,18.0,86.91,System Timeout,2026-01-29 15:27:35
28db7c1d-58e9-4d1d-8215-42526ec6f807,8173,2026-02-23,Roaming Charges,12.0,79.64,System Timeout,2026-01-29 15:27:35
4004f07f-479c-406a-bf69-e2f38f9f8ba2,27223,2026-02-18,International Calls,49.83,10.68,System Timeout,2026-01-29 15:27:35
fe39b832-00af-4abb-a789-b83345827d88,14583,2026-02-07,MMS Messages,45.44,8.45,CDR Processing Delay,2026-01-29 15:27:35
3f26252b-a53b-4ad8-b407-3b3d5d84bda8,22922,2026-01-30,Value Added Services,1.35,84.75,CDR Processing Delay,2026-01-29 15:27:35
41665b9c-b33a-45ad-ae74-0b3717672cf4,10646,2026-02-21,MMS Messages,15.85,84.79,Integration Lag,2026-01-29 15:27:35
028026a9-6f6d-4c23-b899-1b261f11a06e,11196,2026-02-15,Premium Services,24.01,83.46,Integration Lag,2026-01-29 15:27:35
2782e1f3-0a16-48eb-950c-8367df6cd7a5,1565,2026-02-02,Value Added Services,47.64,15.13,Mediation Delay,2026-01-29 15:27:35
8292cfdb-bbe1-4449-b125-bf0de538cc74,19927,2026-02-19,International Calls,29.76,59.35,Rating Error,2026-01-29 15:27:35
577ef5d2-1072-48db-882b-578911dc452c,13518,2026-02-11,Data Overage,39.56,34.41,Integration Lag,2026-01-29 15:27:35
75306874-2f0a-4242-871f-4f26d70178f8,17724,2026-02-24,MMS Messages,11.36,22.82,Rating Error,2026-01-29 15:27:35
c81a79ef-4dc7-4587-b154-877e5baaa88f,363,2026-02-20,MMS Messages,11.59,32.83,Rating Error,2026-01-29 15:27:35
9261b824-d5c3-454c-9ca2-1c7094d2c499,8823,2026-02-06,International Calls,5.57,60.86,Rating Error,2026-01-29 15:27:35
efef21bf-332b-4373-940b-5e2f5e80b64d,19023,2026-01-30,Value Added Services,15.82,14.39,System Timeout,2026-01-29 15:27:35
4fc41c31-e428-4660-b15d-e505eda242c7,8705,2026-02-09,Value Added Services,43.16,33.61,Mediation Delay,2026-01-29 15:27:35
082f2b36-ebf2-433c-804f-1642fbfb4d5d,9431,2026-02-22,International Calls,41.34,17.52,Mediation Delay,2026-01-29 15:27:35
d4980f5c-305e-4a19-b472-b563d05ea4d3,23241,2026-02-21,Value Added Services,22.63,29.53,Mediation Delay,2026-01-29 15:27:35
04d2e75d-3097-45d3-9847-c22c02ed7359,9551,2026-02-12,Value Added Services,37.91,41.42,System Timeout,2026-01-29 15:27:35
80eacf7e-75f7-4f4b-b089-2eab8d0bf005,9626,2026-02-09,MMS Messages,9.1,9.5,Rating Error,2026-01-29 15:27:35
bc4f461e-f1e5-4b69-977a-0fd0c12ab91f,1750,2026-02-17,MMS Messages,8.11,16.02,System Timeout,2026-01-29 15:27:35
5c10388c-cc41-47b7-aeaa-a63c82a89e14,18542,2026-02-20,International Calls,49.1,70.72,System Timeout,2026-01-29 15:27:35
03eb31c0-9857-4707-92c4-f18ef4b426ca,9159,2026-02-11,Premium Services,41.05,46.91,System Timeout,2026-01-29 15:27:35
e4a63ad6-34a6-4095-8e58-06ad4fc72a87,29122,2026-02-12,Data Overage,34.46,82.37,Mediation Delay,2026-01-29 15:27:35
da5cb9fa-12c9-4fd7-b1eb-95497eb7a65e,29080,2026-02-24,Premium Services,13.26,15.59,Mediation Delay,2026-01-29 15:27:35
84a752ab-5595-48e3-80aa-62cb68534d29,12674,2026-02-14,Roaming Charges,49.29,64.8,CDR Processing Delay,2026-01-29 15:27:35
984495eb-2087-4efc-90b5-3af1425c5acc,15286,2026-02-01,Value Added Services,39.61,47.46,CDR Processing Delay,2026-01-29 15:27:35
9e5f77d9-6fb5-46ab-9f29-e4bb7dbd7a07,26384,2026-02-09,International Calls,16.32,40.27,Integration Lag,2026-01-29 15:27:35
5e32e69b-4e95-40b6-8fe7-fb50a121f6da,13975,2026-02-07,International Calls,42.73,55.61,Mediation Delay,2026-01-29 15:27:35
da0dd50b-dd3f-4e55-ad03-a88945888473,167,2026-02-11,International Calls,38.24,33.19,Rating Error,2026-01-29 15:27:35
f2f78a07-154e-4000-b2b2-5c47b01c25bb,27852,2026-02-02,Data Overage,17.46,38.33,Rating Error,2026-01-29 15:27:35
f4421ad9-3331-4b5a-9d26-08a6fd66913b,29818,2026-02-08,Value Added Services,29.4,64.31,Mediation Delay,2026-01-29 15:27:35
800d4f43-07e6-43df-a0a5-b6a7eed81ac0,7391,2026-02-12,Premium Services,11.23,31.04,Rating Error,2026-01-29 15:27:35
21f857fa-23e8-48de-927b-2221e8628d99,19120,2026-02-20,Premium Services,18.6,69.61,System Timeout,2026-01-29 15:27:35
95309ade-57b4-43d4-9dd8-6a7d30b1df5f,21549,2026-02-07,Value Added Services,44.13,81.85,Mediation Delay,2026-01-29 15:27:35
18fa26cd-7b11-4aa9-9e8a-90ea0c7e4bd2,19226,2026-02-02,Data Overage,16.9,76.19,Integration Lag,2026-01-29 15:27:35
8ec6f2ef-5592-419c-ad37-a86de8c90fb8,14827,2026-02-27,Premium Services,47.98,27.22,CDR Processing Delay,2026-01-29 15:27:35
886af0e8-3078-4347-a6db-de59288c0291,24388,2026-02-26,Roaming Charges,39.11,51.01,Rating Error,2026-01-29 15:27:35
b967a4eb-02e7-4e2f-b038-229739753237,27154,2026-02-17,MMS Messages,4.89,70.16,Integration Lag,2026-01-29 15:27:35
0938de8a-6ec1-4167-acf8-cdd96dfb8dbd,1351,2026-02-20,MMS Messages,22.66,75.02,Mediation Delay,2026-01-29 15:27:35
abcb5b2b-8796-4238-ae74-8461e9d7a6d6,7796,2026-02-16,Premium Services,11.3,65.24,Mediation Delay,2026-01-29 15:27:35
66cafe7a-cfa6-4fe9-8079-1f95c4e02756,12605,2026-02-22,Value Added Services,48.52,57.84,System Timeout,2026-01-29 15:27:35
b9e6a34e-5de5-4976-be03-cb786cc5a896,23939,2026-02-15,Value Added Services,11.67,86.56,CDR Processing Delay,2026-01-29 15:27:35
56664166-3c33-49a8-a2c8-d1145f26641b,16419,2026-02-27,Data Overage,22.68,77.35,Rating Error,2026-01-29 15:27:35
6323dd44-b099-4b9e-b394-2c7ba5a71594,4246,2026-02-19,MMS Messages,32.55,23.65,Integration Lag,2026-01-29 15:27:35
cd49ccd7-9f64-4fa5-bcf8-3717464b2a73,20731,2026-02-26,Value Added Services,32.12,70.13,CDR Processing Delay,2026-01-29 15:27:35
fb2a888f-d912-4df9-99f6-e2c6a738083f,24933,2026-02-14,MMS Messages,24.86,74.79,System Timeout,2026-01-29 15:27:35
399c8277-0b15-468a-8172-152e055eda74,17463,2026-02-21,Value Added Services,20.91,48.69,System Timeout,2026-01-29 15:27:35
5b2bea0d-6d93-413d-a76e-0b10aecf68f2,12265,2026-02-14,Premium Services,35.18,66.84,Mediation Delay,2026-01-29 15:27:35
e4d9a704-c13b-4382-b007-8da2d9c4929c,17836,2026-02-09,Roaming Charges,34.64,37.4,Mediation Delay,2026-01-29 15:27:35
912c5ed4-d76a-45e5-8249-330629364d16,12261,2026-02-13,Premium Services,41.8,30.24,System Timeout,2026-01-29 15:27:35
76aa5bdb-7bca-4244-9838-730aa9d84d51,16188,2026-02-08,Value Added Services,34.07,85.35,Rating Error,2026-01-29 15:27:35
2d5fe727-e1c4-4869-bc03-1e26923a58da,24844,2026-02-24,Premium Services,6.0,99.69,CDR Processing Delay,2026-01-29 15:27:35
e85cc301-e0d9-4b3b-86a2-54f02ac16046,10463,2026-02-15,Data Overage,13.62,13.59,CDR Processing Delay,2026-01-29 15:27:35
9de42206-d1a0-4f7e-a48c-022884ea2c85,7942,2026-02-08,Premium Services,20.12,17.25,System Timeout,2026-01-29 15:27:35
9880e271-528b-41b0-a12f-f432e0a593e4,16539,2026-02-13,Value Added Services,40.33,67.63,Rating Error,2026-01-29 15:27:35
50368f98-3ce5-4905-9842-e3fe4d5de2ca,14458,2026-02-21,Data Overage,45.38,72.62,Mediation Delay,2026-01-29 15:27:35
e236f998-91e2-4eef-b2f5-d6bde663fa05,7537,2026-02-09,Premium Services,49.47,99.19,System Timeout,2026-01-29 15:27:35
6829ec08-492a-4b37-8578-a89bd58dc844,14557,2026-01-31,Data Overage,21.78,39.63,CDR Processing Delay,2026-01-29 15:27:35
112beb36-2894-4c1a-90c7-21abec2b1514,20235,2026-02-24,Data Overage,21.5,93.31,CDR Processing Delay,2026-01-29 15:27:35
aa81d64b-844d-480c-b71f-2b1521311110,24618,2026-02-04,Roaming Charges,15.09,10.27,CDR Processing Delay,2026-01-29 15:27:35
53bbb7e9-b6a2-4fb1-aba6-ff354d49ac6f,6263,2026-02-13,International Calls,14.98,39.97,CDR Processing Delay,2026-01-29 15:27:35
8e1c9959-b096-436f-9b7f-a6922a8684cd,17444,2026-02-21,International Calls,16.56,94.31,Integration Lag,2026-01-29 15:27:35
efd0bb33-abd2-44f5-b796-07a165545cde,27517,2026-02-06,Roaming Charges,23.26,79.34,Mediation Delay,2026-01-29 15:27:35
bf6cbf76-e25a-42c6-afb3-b679d43ff934,28907,2026-02-27,Roaming Charges,42.82,31.77,Integration Lag,2026-01-29 15:27:35
bd0bdfe8-036b-4622-8b20-d4057b0a587b,21052,2026-02-09,Data Overage,9.41,66.8,Integration Lag,2026-01-29 15:27:35
fbc5d038-34b1-43e3-8cbe-39df30faee4c,18898,2026-02-01,MMS Messages,15.89,20.54,CDR Processing Delay,2026-01-29 15:27:35
bd738a82-c543-495a-82d9-3b138ddf8e7d,29352,2026-02-14,Data Overage,33.59,9.34,Mediation Delay,2026-01-29 15:27:35
62a3cfe1-6e57-4f88-88e1-e96f0e65c7d0,8478,2026-02-26,Value Added Services,28.04,60.22,Integration Lag,2026-01-29 15:27:35
9dee49ee-f571-4575-9992-43f3ae6b1e76,5056,2026-02-11,Roaming Charges,47.04,13.37,Rating Error,2026-01-29 15:27:35
217771b9-39a0-43b9-a2fd-5d645932c98a,6098,2026-02-08,Roaming Charges,17.53,82.13,CDR Processing Delay,2026-01-29 15:27:35
476a6c6b-47dc-4bfa-8b50-2a7990c6217a,8594,2026-02-02,Data Overage,27.06,27.2,Integration Lag,2026-01-29 15:27:35
202097a0-32e5-4351-8584-5b5110f76c57,26090,2026-02-18,Roaming Charges,3.24,21.94,System Timeout,2026-01-29 15:27:35
fd49688e-a9b8-49c3-9de4-9cff8aed6604,12923,2026-02-05,Roaming Charges,27.51,55.6,System Timeout,2026-01-29 15:27:35
9b875621-a751-4a94-9e4c-fb0024b8f652,1319,2026-01-30,Data Overage,25.63,82.12,System Timeout,2026-01-29 15:27:35
9bbb48a4-04b1-4e06-9257-3642fd065e54,22294,2026-02-02,Premium Services,6.35,69.16,Rating Error,2026-01-29 15:27:35
b6a9361e-f908-4da0-bdcc-ea6908170f17,23592,2026-02-18,Roaming Charges,25.61,16.05,Rating Error,2026-01-29 15:27:35
e526075d-3308-4097-a983-488396e7ad95,23064,2026-02-21,MMS Messages,22.94,23.42,Rating Error,2026-01-29 15:27:35
d79e1f45-b3ce-4288-a9ff-847ff648a987,29780,2026-02-23,Value Added Services,10.61,86.61,System Timeout,2026-01-29 15:27:35
48033196-49cb-49de-97f2-163570797023,15965,2026-02-02,International Calls,32.81,25.54,Integration Lag,2026-01-29 15:27:35
ed3821ec-8b67-4e42-902c-8c3f687a410c,28320,2026-01-31,International Calls,32.27,6.56,Integration Lag,2026-01-29 15:27:35
a08a01ba-5a13-4374-8aa1-de0651ec3157,22718,2026-02-23,MMS Messages,9.26,67.21,System Timeout,2026-01-29 15:27:35
9cb03550-3c04-46d1-ae90-74a29e22ced2,4936,2026-02-07,International Calls,24.51,15.65,Mediation Delay,2026-01-29 15:27:35
018e4521-bc43-4a0d-bad6-0f0ea1b6c88e,5329,2026-02-21,Value Added Services,44.49,51.28,Integration Lag,2026-01-29 15:27:35
ee15d79d-17b0-4e84-9fda-00c2e4c877b0,22635,2026-02-25,Premium Services,38.46,93.56,Integration Lag,2026-01-29 15:27:35
bc6ee8ae-82ee-4832-8937-bb5105990034,29830,2026-02-06,Value Added Services,29.32,51.28,Rating Error,2026-01-29 15:27:35
6f09ed9d-3c4c-4b57-82fc-f61fbc0316d9,5144,2026-02-24,Data Overage,46.14,71.77,Rating Error,2026-01-29 15:27:35
0dde8838-5110-4053-927a-405ed7106980,22446,2026-02-24,International Calls,23.25,45.59,System Timeout,2026-01-29 15:27:35
74d20415-9e4a-41a3-90b6-0e63829d2860,4898,2026-02-08,Value Added Services,45.65,16.28,Mediation Delay,2026-01-29 15:27:35
1c8311e0-9cb9-46c2-81f9-b1d75c99943e,1818,2026-02-17,Value Added Services,37.2,29.74,System Timeout,2026-01-29 15:27:35
71831494-af77-4317-b44b-3fdbe73287f5,27883,2026-02-13,Roaming Charges,12.93,74.26,Integration Lag,2026-01-29 15:27:35
312b5482-f767-434c-a9b7-97cf20ef9441,11594,2026-02-19,Value Added Services,39.39,47.87,CDR Processing Delay,2026-01-29 15:27:35
7e994c81-9539-4309-b9d9-fc1ad15e838b,18486,2026-02-21,Data Overage,36.56,71.83,Mediation Delay,2026-01-29 15:27:35
f5cbc1bc-9ce3-4848-9447-bd2d0de52efe,27185,2026-02-24,Premium Services,45.64,45.8,Rating Error,2026-01-29 15:27:35
7bb2040a-2bb2-4f11-aaff-c228a06b730c,982,2026-02-07,Value Added Services,4.54,83.21,Rating Error,2026-01-29 15:27:35
0d5da81d-ab95-4eaa-8c08-2f3af2bf8ecd,2140,2026-02-25,Roaming Charges,35.08,48.24,Rating Error,2026-01-29 15:27:35
a6871b3b-4a04-4ff6-bb2b-147b5c3847ab,11906,2026-02-24,Premium Services,32.36,26.51,Rating Error,2026-01-29 15:27:35
a6d5945a-c07c-49e5-8b9c-b91d1fae5699,17512,2026-02-18,International Calls,41.43,71.01,CDR Processing Delay,2026-01-29 15:27:35
0929f39b-b5b6-499b-a0a0-8415ecced06e,18214,2026-02-17,Premium Services,32.47,28.0,System Timeout,2026-01-29 15:27:35
68229d31-a64f-4718-9f05-0f214a7e6d4c,27822,2026-02-05,Roaming Charges,25.37,11.32,Integration Lag,2026-01-29 15:27:35
4bd659c2-0d63-4bb6-be0d-9ef400c0e3f7,29638,2026-01-29,MMS Messages,36.63,99.83,Integration Lag,2026-01-29 15:27:35
e8db1cd1-3201-4ab5-b51b-e625cad1cbd1,15714,2026-02-24,Premium Services,41.21,57.21,Integration Lag,2026-01-29 15:27:35
1444edab-420e-4a32-bfb8-8438fc2e8463,13184,2026-02-10,Value Added Services,47.28,57.23,Integration Lag,2026-01-29 15:27:35
6d55b89e-d5d4-46c6-9be1-18fbbcc7e073,2359,2026-02-07,MMS Messages,15.03,91.35,CDR Processing Delay,2026-01-29 15:27:35
e8bf0a7b-39ef-46ab-9b62-0318f786d7e6,20254,2026-02-15,Data Overage,16.09,72.51,CDR Processing Delay,2026-01-29 15:27:35
0220a258-b51b-4f72-abec-f2021de476af,18752,2026-02-05,International Calls,36.66,35.72,Rating Error,2026-01-29 15:27:35
13fdf20a-b195-4ba0-8b8a-ab4406403f09,23786,2026-02-17,Roaming Charges,11.71,55.67,Integration Lag,2026-01-29 15:27:35
c8e4c621-5bec-4138-9451-1a88f8cbaf61,6439,2026-02-21,MMS Messages,9.16,45.01,CDR Processing Delay,2026-01-29 15:27:35
802902f9-a586-4df6-9fae-4261e832e05d,27418,2026-02-02,Data Overage,29.72,12.08,Rating Error,2026-01-29 15:27:35
60f359bf-7943-4809-9457-deb5737582c1,23541,2026-01-29,Data Overage,16.14,88.23,Rating Error,2026-01-29 15:27:35
264f60f0-4b44-41b6-99e8-5ff12e63f9d6,17834,2026-02-18,Data Overage,40.68,53.1,Mediation Delay,2026-01-29 15:27:35
5eed9cca-d5ae-47cb-8b5f-709f0b9d1ceb,22077,2026-02-02,MMS Messages,25.17,65.93,CDR Processing Delay,2026-01-29 15:27:35
dea6ed07-0c47-48e3-bed6-10599fbc799f,8060,2026-02-16,Roaming Charges,14.52,70.63,Rating Error,2026-01-29 15:27:35
7448d528-46aa-4ec6-a9dc-3677e19f29ac,20708,2026-01-31,MMS Messages,37.9,52.82,Integration Lag,2026-01-29 15:27:35
42489a64-abdd-4ebd-910b-b8acfec602a1,20858,2026-02-01,Value Added Services,18.82,47.82,System Timeout,2026-01-29 15:27:35
c43a140b-8d27-40d7-85f3-8525d7124d54,29092,2026-02-04,MMS Messages,47.5,80.54,System Timeout,2026-01-29 15:27:35
0a8a035a-2311-4d37-ad95-b49cb816cb8d,7030,2026-02-18,Data Overage,2.08,54.57,CDR Processing Delay,2026-01-29 15:27:35
2c3eb267-f6cf-47f9-9512-f8c36e6001c1,12681,2026-02-03,Data Overage,37.82,77.17,Mediation Delay,2026-01-29 15:27:35
be3df76d-0c20-42a2-aac1-42e90f94ab9b,15687,2026-02-22,International Calls,37.46,12.15,CDR Processing Delay,2026-01-29 15:27:35
5978f23f-82e8-4b9c-b6e9-7782a2af00a0,12877,2026-01-29,International Calls,49.54,5.26,Rating Error,2026-01-29 15:27:35
cf628fa3-7028-4c86-97c2-ad89ca2bea4d,11001,2026-02-15,International Calls,8.29,16.69,Integration Lag,2026-01-29 15:27:35
9c765866-2502-4ddf-b852-49af99e51dbe,22522,2026-02-19,Roaming Charges,25.3,90.22,System Timeout,2026-01-29 15:27:35
af7b1f3f-5a82-4f24-a786-3acab133ef58,5789,2026-02-07,International Calls,13.94,46.19,Mediation Delay,2026-01-29 15:27:35
1d06e53c-201b-485a-a42a-883d620f1283,22078,2026-02-01,International Calls,49.98,17.33,Mediation Delay,2026-01-29 15:27:35
34389a98-362a-4daf-964e-85dfe48ea864,28186,2026-02-15,Value Added Services,5.78,49.7,System Timeout,2026-01-29 15:27:35
4655bd90-8c8f-4176-9123-8f722b9aefbd,16927,2026-02-23,Premium Services,21.63,67.93,Integration Lag,2026-01-29 15:27:35
19d05270-927e-4d87-a9f2-a30edf7d93a7,3338,2026-02-22,Premium Services,27.46,19.34,Integration Lag,2026-01-29 15:27:35
3f57bf7e-e1b2-4d22-98ec-b5e940fa0164,16002,2026-02-12,Value Added Services,43.65,25.58,Integration Lag,2026-01-29 15:27:35
2ce64e40-d5eb-420c-8ff6-55703cf0968b,10399,2026-02-18,Value Added Services,18.63,37.17,Integration Lag,2026-01-29 15:27:35
46a785f4-e19a-4acd-a608-e81a7db830ec,8394,2026-02-09,Premium Services,7.1,7.6,Rating Error,2026-01-29 15:27:35
b32fdba8-d9fc-4ced-8d26-d937d45303a7,18646,2026-02-04,Premium Services,3.79,98.36,CDR Processing Delay,2026-01-29 15:27:35
694f94ce-2a36-48af-b456-d2b15da0b1c4,29402,2026-02-06,Data Overage,13.7,64.74,Integration Lag,2026-01-29 15:27:35
1752c0ef-d704-4159-b7ac-8b590f459c3f,2439,2026-02-22,Roaming Charges,29.52,61.04,CDR Processing Delay,2026-01-29 15:27:35
b31d492a-9b72-44d7-95b7-5c32ed946678,11507,2026-02-24,Premium Services,18.97,82.49,Rating Error,2026-01-29 15:27:35
c9b76ad4-4096-48a6-9123-9fe563a26ac7,24555,2026-02-01,International Calls,23.43,60.55,System Timeout,2026-01-29 15:27:35
27c5dc54-2330-4d1c-86b1-a0bebebc24df,12329,2026-02-05,Roaming Charges,10.51,33.54,Mediation Delay,2026-01-29 15:27:35
f57acb93-bbbe-4cd2-9a8e-28f5c05f3b33,16628,2026-02-03,Value Added Services,49.93,80.97,Mediation Delay,2026-01-29 15:27:35
3e3d84c6-eeb9-47f8-82c2-6bc4b3494133,22660,2026-02-12,Roaming Charges,35.7,45.97,CDR Processing Delay,2026-01-29 15:27:35
7eaeaef1-b94e-4584-944f-6eaa6455974b,16718,2026-01-29,Premium Services,9.34,79.06,Rating Error,2026-01-29 15:27:35
6a918b35-2959-4fe3-b35a-7986ee994b06,12557,2026-02-15,International Calls,38.31,29.6,System Timeout,2026-01-29 15:27:35
9360b497-4cfd-4504-ba8d-ed330a5b5713,4771,2026-02-13,Value Added Services,40.54,82.51,Mediation Delay,2026-01-29 15:27:35
c7ef27ca-b131-41ad-8581-61f54ca6d728,5762,2026-02-07,MMS Messages,42.28,18.64,Integration Lag,2026-01-29 15:27:35
0d804269-19dd-45bb-9c97-035104525a3c,311,2026-02-19,Data Overage,35.23,87.74,Rating Error,2026-01-29 15:27:35
1219c058-aa01-482d-9b4e-b04c0e074f84,4213,2026-02-07,Data Overage,33.7,59.24,Rating Error,2026-01-29 15:27:35
87c1a3a2-d081-41bf-9960-61219fae01fb,4459,2026-01-30,Premium Services,22.36,79.61,CDR Processing Delay,2026-01-29 15:27:35
17fb31ba-83da-4c07-b127-8eecd9f2f1a7,2576,2026-02-21,Data Overage,11.51,24.34,Rating Error,2026-01-29 15:27:35
46fd476e-a208-40a2-a030-e2b6849c8c3f,14564,2026-01-31,Roaming Charges,28.86,15.22,Mediation Delay,2026-01-29 15:27:35
8485ff9d-0561-4514-8713-bacffff43764,10209,2026-02-13,Roaming Charges,22.51,36.0,System Timeout,2026-01-29 15:27:35
0b5a99b7-1d9f-441a-ab33-60f26dcd1d6b,25502,2026-02-26,Premium Services,43.46,67.14,System Timeout,2026-01-29 15:27:35
fea17f0f-576c-47f5-a039-9e20e32dda86,3006,2026-02-01,Data Overage,42.14,35.18,Integration Lag,2026-01-29 15:27:35
4c564998-92cd-4e73-b2bc-a05b1bb6d365,25221,2026-02-04,Premium Services,16.24,6.44,Integration Lag,2026-01-29 15:27:35
45516cbb-32e6-4631-b627-20f8d107ccf7,21225,2026-02-17,Value Added Services,29.11,64.09,Rating Error,2026-01-29 15:27:35
42c1b76e-3182-4334-a15d-cde183c0626d,7961,2026-02-26,Roaming Charges,30.0,29.36,System Timeout,2026-01-29 15:27:35
5f97de8d-3440-4c9b-8d4e-4ef2c5d74925,7168,2026-02-15,Data Overage,27.41,31.6,Rating Error,2026-01-29 15:27:35
8110871a-c657-4a74-adb1-1683832149fd,18230,2026-01-30,Data Overage,42.1,55.61,Integration Lag,2026-01-29 15:27:35
52cded1d-5a53-46a2-ab4b-714ff232e48e,14639,2026-02-26,MMS Messages,49.36,70.09,Mediation Delay,2026-01-29 15:27:35
e88ecd7f-f399-4b93-a747-1e67154a3040,14840,2026-02-05,Roaming Charges,17.58,39.59,System Timeout,2026-01-29 15:27:35
6811dd13-3304-40a4-a4ea-a58fed0812e2,24426,2026-02-14,MMS Messages,43.13,67.43,Integration Lag,2026-01-29 15:27:35
b172dce6-8aed-4e89-824d-619494d61a27,16374,2026-02-21,Data Overage,9.76,14.28,Integration Lag,2026-01-29 15:27:35
38465003-9879-4045-80d2-0f9d7429c2d4,21192,2026-02-17,International Calls,38.72,9.18,Integration Lag,2026-01-29 15:27:35
aa64b151-4688-4200-9411-07a0678ad887,24172,2026-02-07,International Calls,36.98,68.88,Mediation Delay,2026-01-29 15:27:35
0b90c65f-ff24-47d2-a995-eb8035f851c8,12124,2026-02-13,International Calls,43.22,56.12,Integration Lag,2026-01-29 15:27:35
95a43d7f-a03e-4ad5-9ebc-305407d61af1,6221,2026-02-14,International Calls,46.34,80.67,System Timeout,2026-01-29 15:27:35
578b42b7-19b2-413f-b091-1a17cac5f52f,4583,2026-02-01,International Calls,19.28,22.99,CDR Processing Delay,2026-01-29 15:27:35
536a2c5c-9e77-47e9-b48d-6bc963e26f7a,19162,2026-01-30,Roaming Charges,46.55,57.3,System Timeout,2026-01-29 15:27:35
1a38ceab-7e8e-443b-a167-d971ff30e613,4715,2026-02-21,Data Overage,25.99,57.05,Rating Error,2026-01-29 15:27:35
969743bd-b795-442a-bf8e-396a62e03389,22057,2026-02-16,MMS Messages,20.11,71.8,CDR Processing Delay,2026-01-29 15:27:35
81e9aea4-fed4-40f3-9a57-698e22e0e267,11180,2026-02-17,Roaming Charges,19.58,41.8,CDR Processing Delay,2026-01-29 15:27:35
f273f529-be82-4eae-9a1e-56217613d3ec,3456,2026-02-25,Value Added Services,7.16,60.05,System Timeout,2026-01-29 15:27:35
6d4be8af-3a78-43a6-b0df-8d6c9cb82c1f,22750,2026-02-15,Value Added Services,20.61,60.13,System Timeout,2026-01-29 15:27:35
9f988cc2-4678-47dd-bed3-b7f70b499d93,15619,2026-02-12,MMS Messages,42.57,91.22,CDR Processing Delay,2026-01-29 15:27:35
51d48aea-b95f-428f-88c0-75414203f6f1,23399,2026-01-29,Roaming Charges,31.83,39.57,Rating Error,2026-01-29 15:27:35
d7c26da6-22bd-45ff-9d5e-51ade13dc917,22604,2026-02-08,International Calls,1.94,67.68,CDR Processing Delay,2026-01-29 15:27:35
9e61a522-5a6b-49d2-8dab-47bd6b9e267a,21284,2026-02-05,Data Overage,41.81,35.27,Mediation Delay,2026-01-29 15:27:35
32d49cba-eab0-4cda-b1b7-76882aa4c61e,28225,2026-02-06,MMS Messages,15.82,39.53,Integration Lag,2026-01-29 15:27:35
cfe61dec-664a-49b2-9bea-7d63010b626a,18439,2026-02-22,Data Overage,12.36,51.35,Rating Error,2026-01-29 15:27:35
939b05d1-3154-42e9-ae66-566f188be9b6,11978,2026-01-29,Premium Services,38.3,66.66,CDR Processing Delay,2026-01-29 15:27:35
f2be0e57-b263-4117-807c-1d0c9001e8de,3488,2026-02-24,MMS Messages,47.05,75.86,Mediation Delay,2026-01-29 15:27:35
591a0ceb-bfa6-421d-9056-601c63621967,2262,2026-02-14,MMS Messages,42.37,71.83,Mediation Delay,2026-01-29 15:27:35
fcdc6a00-d393-4d1b-86eb-c70c2d8a3da2,13715,2026-02-05,Premium Services,6.68,19.98,Rating Error,2026-01-29 15:27:35
44ecb27f-01cc-4903-989e-b0fc5678795d,1875,2026-02-24,Premium Services,20.61,56.61,Integration Lag,2026-01-29 15:27:35
872c87a8-264e-4480-8b20-086f36587ab3,27597,2026-02-08,Value Added Services,11.81,51.63,CDR Processing Delay,2026-01-29 15:27:35
94ff4db7-fb9f-4ac9-9643-951006f19fcf,25723,2026-02-05,Roaming Charges,47.5,36.58,CDR Processing Delay,2026-01-29 15:27:35
4020a3c7-ba92-409a-8f69-35cf3cad680b,21544,2026-02-27,International Calls,3.54,28.19,System Timeout,2026-01-29 15:27:35
5f3ef0d1-09d3-41d9-981a-f89b874cdea0,15025,2026-02-18,Premium Services,39.62,54.56,System Timeout,2026-01-29 15:27:35
cb811d5f-9d13-4b4e-a481-88157c6ed8c6,12400,2026-02-22,Value Added Services,36.07,48.51,System Timeout,2026-01-29 15:27:35
54359439-be47-414c-ac71-f1f7f6866d84,6145,2026-02-20,Roaming Charges,40.93,23.26,CDR Processing Delay,2026-01-29 15:27:35
bd91e7a1-ee65-418f-a913-a7fdb179223a,11972,2026-02-08,MMS Messages,37.59,39.95,CDR Processing Delay,2026-01-29 15:27:35
4bea8019-d0e5-4d06-8b5f-f10003fa94ce,24327,2026-02-26,Roaming Charges,48.5,71.77,Integration Lag,2026-01-29 15:27:35
68e19320-0cce-4e53-9f36-367cb99fde82,28710,2026-02-26,Premium Services,9.97,74.82,CDR Processing Delay,2026-01-29 15:27:35
69a90b7b-f93f-4c94-9370-74f506f2122d,17609,2026-02-21,Value Added Services,28.21,55.88,System Timeout,2026-01-29 15:27:35
44dffca1-80c0-445b-af4a-83ebf6330df8,5503,2026-02-10,Roaming Charges,42.12,55.77,Integration Lag,2026-01-29 15:27:35
f6acf9fe-d13d-410a-baa0-d5864ad9afd7,13234,2026-02-19,Roaming Charges,10.44,27.9,Rating Error,2026-01-29 15:27:35
35d24b93-2bf1-464f-a730-cce2b91b4e51,26371,2026-02-15,Value Added Services,46.53,14.94,Integration Lag,2026-01-29 15:27:35
1900f922-598e-46f8-b18d-7baf6572c036,21786,2026-02-02,Roaming Charges,21.18,96.28,Mediation Delay,2026-01-29 15:27:35
41b37f95-0eb1-40bb-873c-cd25c9adfc35,14332,2026-02-18,Value Added Services,12.53,53.11,System Timeout,2026-01-29 15:27:35
789cb476-a2b4-41a0-957b-7c98dc98573d,15891,2026-01-31,Value Added Services,10.92,60.7,Rating Error,2026-01-29 15:27:35
a97f11f3-98fe-4b1f-a042-6d74f8c79d77,12208,2026-02-05,Data Overage,38.89,85.65,System Timeout,2026-01-29 15:27:35
8536b311-8d4c-4895-ab50-07de4f13a408,22987,2026-02-01,Premium Services,10.6,94.26,Rating Error,2026-01-29 15:27:35
